--------------------------------------------------------
--  File created - Tuesday-May-09-2017   
--------------------------------------------------------
--------------------------------------------------------
--  DDL for Table DIM_CATEGORIA
--------------------------------------------------------

  CREATE TABLE "EVENTOS_DW_G02"."DIM_CATEGORIA" 
   (	"SK_CATEGORIA" NUMBER, 
	"COD_SUBCATEGORIA" NUMBER, 
	"NB_SUBCATEGORIA" VARCHAR2(100 BYTE), 
	"COD_CATEGORIA" NUMBER, 
	"NB_CATEGORIA" VARCHAR2(100 BYTE)
   ) SEGMENT CREATION IMMEDIATE 
  PCTFREE 10 PCTUSED 40 INITRANS 1 MAXTRANS 255 NOCOMPRESS LOGGING
  STORAGE(INITIAL 65536 NEXT 1048576 MINEXTENTS 1 MAXEXTENTS 2147483645
  PCTINCREASE 0 FREELISTS 1 FREELIST GROUPS 1 BUFFER_POOL DEFAULT FLASH_CACHE DEFAULT CELL_FLASH_CACHE DEFAULT)
  TABLESPACE "USERS" ;
--------------------------------------------------------
--  DDL for Table DIM_CLIENTE
--------------------------------------------------------

  CREATE TABLE "EVENTOS_DW_G02"."DIM_CLIENTE" 
   (	"SK_CLIENTE" NUMBER, 
	"COD_CLIENTE" NUMBER, 
	"CI_RIF" VARCHAR2(100 BYTE), 
	"NB_CLIENTE" VARCHAR2(100 BYTE), 
	"TELEFONO" VARCHAR2(100 BYTE), 
	"DIRECCION" VARCHAR2(100 BYTE), 
	"EMAIL" VARCHAR2(100 BYTE)
   ) SEGMENT CREATION IMMEDIATE 
  PCTFREE 10 PCTUSED 40 INITRANS 1 MAXTRANS 255 NOCOMPRESS LOGGING
  STORAGE(INITIAL 65536 NEXT 1048576 MINEXTENTS 1 MAXEXTENTS 2147483645
  PCTINCREASE 0 FREELISTS 1 FREELIST GROUPS 1 BUFFER_POOL DEFAULT FLASH_CACHE DEFAULT CELL_FLASH_CACHE DEFAULT)
  TABLESPACE "USERS" ;
--------------------------------------------------------
--  DDL for Table DIM_EVENTO
--------------------------------------------------------

  CREATE TABLE "EVENTOS_DW_G02"."DIM_EVENTO" 
   (	"SK_EVENTO" NUMBER, 
	"COD_TIPO_EVENTO" NUMBER, 
	"NB_TIPO_EVENTO" VARCHAR2(100 BYTE), 
	"COD_EVENTO" NUMBER, 
	"NB_EVENTO" VARCHAR2(100 BYTE), 
	"DESCRIPCION" VARCHAR2(100 BYTE)
   ) SEGMENT CREATION IMMEDIATE 
  PCTFREE 10 PCTUSED 40 INITRANS 1 MAXTRANS 255 NOCOMPRESS LOGGING
  STORAGE(INITIAL 65536 NEXT 1048576 MINEXTENTS 1 MAXEXTENTS 2147483645
  PCTINCREASE 0 FREELISTS 1 FREELIST GROUPS 1 BUFFER_POOL DEFAULT FLASH_CACHE DEFAULT CELL_FLASH_CACHE DEFAULT)
  TABLESPACE "USERS" ;
--------------------------------------------------------
--  DDL for Table DIM_LEYENDA
--------------------------------------------------------

  CREATE TABLE "EVENTOS_DW_G02"."DIM_LEYENDA" 
   (	"SK_LEYENDA" NUMBER, 
	"COD_LEYENDA" NUMBER, 
	"NB_LEYENDA" VARCHAR2(100 BYTE)
   ) SEGMENT CREATION IMMEDIATE 
  PCTFREE 10 PCTUSED 40 INITRANS 1 MAXTRANS 255 NOCOMPRESS LOGGING
  STORAGE(INITIAL 65536 NEXT 1048576 MINEXTENTS 1 MAXEXTENTS 2147483645
  PCTINCREASE 0 FREELISTS 1 FREELIST GROUPS 1 BUFFER_POOL DEFAULT FLASH_CACHE DEFAULT CELL_FLASH_CACHE DEFAULT)
  TABLESPACE "USERS" ;
--------------------------------------------------------
--  DDL for Table DIM_SEDE
--------------------------------------------------------

  CREATE TABLE "EVENTOS_DW_G02"."DIM_SEDE" 
   (	"SK_SEDE" NUMBER, 
	"COD_PAIS" NUMBER, 
	"NB_PAIS" VARCHAR2(100 BYTE), 
	"COD_CIUDAD" NUMBER, 
	"NB_CIUDAD" VARCHAR2(100 BYTE), 
	"COD_SEDE" NUMBER, 
	"NB_SEDE" VARCHAR2(100 BYTE)
   ) SEGMENT CREATION IMMEDIATE 
  PCTFREE 10 PCTUSED 40 INITRANS 1 MAXTRANS 255 NOCOMPRESS LOGGING
  STORAGE(INITIAL 65536 NEXT 1048576 MINEXTENTS 1 MAXEXTENTS 2147483645
  PCTINCREASE 0 FREELISTS 1 FREELIST GROUPS 1 BUFFER_POOL DEFAULT FLASH_CACHE DEFAULT CELL_FLASH_CACHE DEFAULT)
  TABLESPACE "USERS" ;
--------------------------------------------------------
--  DDL for Table DIM_TIEMPO
--------------------------------------------------------

  CREATE TABLE "EVENTOS_DW_G02"."DIM_TIEMPO" 
   (	"SK_TIEMPO" NUMBER(22,0), 
	"COD_ANIO" NUMBER(22,0), 
	"DESC_TRIMESTRE" VARCHAR2(200 BYTE), 
	"COD_MES" NUMBER(22,0), 
	"DESC_MES" VARCHAR2(200 BYTE), 
	"DESC_MES_CORTA" VARCHAR2(200 BYTE), 
	"COD_SEMANA" NUMBER(22,0), 
	"COD_DIA_ANIO" NUMBER(22,0), 
	"COD_DIA_MES" NUMBER(22,0), 
	"COD_DIA_SEMANA" NUMBER(22,0), 
	"DESC_DIA_SEMANA" VARCHAR2(200 BYTE), 
	"FECHA" DATE, 
	"DESC_DIA_SEMANA_CORTA" VARCHAR2(200 BYTE)
   ) SEGMENT CREATION IMMEDIATE 
  PCTFREE 10 PCTUSED 40 INITRANS 1 MAXTRANS 255 NOCOMPRESS LOGGING
  STORAGE(INITIAL 65536 NEXT 1048576 MINEXTENTS 1 MAXEXTENTS 2147483645
  PCTINCREASE 0 FREELISTS 1 FREELIST GROUPS 1 BUFFER_POOL DEFAULT FLASH_CACHE DEFAULT CELL_FLASH_CACHE DEFAULT)
  TABLESPACE "USERS" ;
--------------------------------------------------------
--  DDL for Table DIM_TIPO_STAND
--------------------------------------------------------

  CREATE TABLE "EVENTOS_DW_G02"."DIM_TIPO_STAND" 
   (	"SK_TIPO_STAND" NUMBER, 
	"COD_TIPO_STAND" NUMBER, 
	"NB_TIPO_STAND" VARCHAR2(100 BYTE)
   ) SEGMENT CREATION IMMEDIATE 
  PCTFREE 10 PCTUSED 40 INITRANS 1 MAXTRANS 255 NOCOMPRESS LOGGING
  STORAGE(INITIAL 65536 NEXT 1048576 MINEXTENTS 1 MAXEXTENTS 2147483645
  PCTINCREASE 0 FREELISTS 1 FREELIST GROUPS 1 BUFFER_POOL DEFAULT FLASH_CACHE DEFAULT CELL_FLASH_CACHE DEFAULT)
  TABLESPACE "USERS" ;
--------------------------------------------------------
--  DDL for Table DIM_VISITANTE
--------------------------------------------------------

  CREATE TABLE "EVENTOS_DW_G02"."DIM_VISITANTE" 
   (	"SK_VISITANTE" NUMBER, 
	"COD_VISITANTE" NUMBER, 
	"CEDULA" NUMBER, 
	"NB_VISITANTE" VARCHAR2(100 BYTE), 
	"SEXO" VARCHAR2(100 BYTE), 
	"EMAIL" VARCHAR2(100 BYTE)
   ) SEGMENT CREATION IMMEDIATE 
  PCTFREE 10 PCTUSED 40 INITRANS 1 MAXTRANS 255 NOCOMPRESS LOGGING
  STORAGE(INITIAL 65536 NEXT 1048576 MINEXTENTS 1 MAXEXTENTS 2147483645
  PCTINCREASE 0 FREELISTS 1 FREELIST GROUPS 1 BUFFER_POOL DEFAULT FLASH_CACHE DEFAULT CELL_FLASH_CACHE DEFAULT)
  TABLESPACE "USERS" ;
--------------------------------------------------------
--  DDL for Table FACT_ALQUILER
--------------------------------------------------------

  CREATE TABLE "EVENTOS_DW_G02"."FACT_ALQUILER" 
   (	"SK_EVENTO" NUMBER, 
	"SK_CLIENTE" NUMBER, 
	"SK_FEC_ALQUILER" NUMBER, 
	"SK_TIPO_STAND" NUMBER, 
	"SK_CATEGORIA" NUMBER, 
	"NUM_STAND" NUMBER, 
	"MT2" NUMBER(10,4), 
	"MONTO" NUMBER(10,4), 
	"CANTIDAD" NUMBER
   ) SEGMENT CREATION IMMEDIATE 
  PCTFREE 10 PCTUSED 40 INITRANS 1 MAXTRANS 255 NOCOMPRESS LOGGING
  STORAGE(INITIAL 65536 NEXT 1048576 MINEXTENTS 1 MAXEXTENTS 2147483645
  PCTINCREASE 0 FREELISTS 1 FREELIST GROUPS 1 BUFFER_POOL DEFAULT FLASH_CACHE DEFAULT CELL_FLASH_CACHE DEFAULT)
  TABLESPACE "USERS" ;
--------------------------------------------------------
--  DDL for Table FACT_EVENTO
--------------------------------------------------------

  CREATE TABLE "EVENTOS_DW_G02"."FACT_EVENTO" 
   (	"SK_EVENTO" NUMBER, 
	"SK_SEDE" NUMBER, 
	"SK_FEC_EVENTO" NUMBER, 
	"CANTIDAD_EVENTO" NUMBER, 
	"CANTIDAD_ESTIM_VISITANTES" NUMBER, 
	"META_INGRESO" NUMBER
   ) SEGMENT CREATION IMMEDIATE 
  PCTFREE 10 PCTUSED 40 INITRANS 1 MAXTRANS 255 NOCOMPRESS LOGGING
  STORAGE(INITIAL 65536 NEXT 1048576 MINEXTENTS 1 MAXEXTENTS 2147483645
  PCTINCREASE 0 FREELISTS 1 FREELIST GROUPS 1 BUFFER_POOL DEFAULT FLASH_CACHE DEFAULT CELL_FLASH_CACHE DEFAULT)
  TABLESPACE "USERS" ;
--------------------------------------------------------
--  DDL for Table FACT_EVENTO_STAND
--------------------------------------------------------

  CREATE TABLE "EVENTOS_DW_G02"."FACT_EVENTO_STAND" 
   (	"SK_EVENTO" NUMBER, 
	"SK_TIPO_STAND" NUMBER, 
	"CANTIDAD_ESTIMADA" NUMBER, 
	"MT2" NUMBER(10,4), 
	"PRECIO" NUMBER(10,4)
   ) SEGMENT CREATION IMMEDIATE 
  PCTFREE 10 PCTUSED 40 INITRANS 1 MAXTRANS 255 NOCOMPRESS LOGGING
  STORAGE(INITIAL 65536 NEXT 1048576 MINEXTENTS 1 MAXEXTENTS 2147483645
  PCTINCREASE 0 FREELISTS 1 FREELIST GROUPS 1 BUFFER_POOL DEFAULT FLASH_CACHE DEFAULT CELL_FLASH_CACHE DEFAULT)
  TABLESPACE "USERS" ;
--------------------------------------------------------
--  DDL for Table FACT_VISITA
--------------------------------------------------------

  CREATE TABLE "EVENTOS_DW_G02"."FACT_VISITA" 
   (	"SK_EVENTO" NUMBER, 
	"SK_VISITANTE" NUMBER, 
	"SK_FEC_ENTRADA" NUMBER, 
	"SK_LEYENDA_ESTRELLAS" NUMBER, 
	"NUM_ENTRADA" NUMBER, 
	"HORA_ENTRADA" NUMBER, 
	"CANTIDAD_VISITA" NUMBER, 
	"CALIFICACION" NUMBER, 
	"RECOMIENDA_AMIGO" VARCHAR2(100 BYTE)
   ) SEGMENT CREATION IMMEDIATE 
  PCTFREE 10 PCTUSED 40 INITRANS 1 MAXTRANS 255 NOCOMPRESS LOGGING
  STORAGE(INITIAL 65536 NEXT 1048576 MINEXTENTS 1 MAXEXTENTS 2147483645
  PCTINCREASE 0 FREELISTS 1 FREELIST GROUPS 1 BUFFER_POOL DEFAULT FLASH_CACHE DEFAULT CELL_FLASH_CACHE DEFAULT)
  TABLESPACE "USERS" ;
--------------------------------------------------------
--  DDL for Table R_CLUSTER
--------------------------------------------------------

  CREATE TABLE "EVENTOS_DW_G02"."R_CLUSTER" 
   (	"ID_CLUSTER" NUMBER(*,0), 
	"NAME" VARCHAR2(255 BYTE), 
	"BASE_PORT" VARCHAR2(255 BYTE), 
	"SOCKETS_BUFFER_SIZE" VARCHAR2(255 BYTE), 
	"SOCKETS_FLUSH_INTERVAL" VARCHAR2(255 BYTE), 
	"SOCKETS_COMPRESSED" CHAR(1 BYTE), 
	"DYNAMIC_CLUSTER" CHAR(1 BYTE)
   ) SEGMENT CREATION IMMEDIATE 
  PCTFREE 10 PCTUSED 40 INITRANS 1 MAXTRANS 255 NOCOMPRESS LOGGING
  STORAGE(INITIAL 65536 NEXT 1048576 MINEXTENTS 1 MAXEXTENTS 2147483645
  PCTINCREASE 0 FREELISTS 1 FREELIST GROUPS 1 BUFFER_POOL DEFAULT FLASH_CACHE DEFAULT CELL_FLASH_CACHE DEFAULT)
  TABLESPACE "USERS" ;
--------------------------------------------------------
--  DDL for Table R_CLUSTER_SLAVE
--------------------------------------------------------

  CREATE TABLE "EVENTOS_DW_G02"."R_CLUSTER_SLAVE" 
   (	"ID_CLUSTER_SLAVE" NUMBER(*,0), 
	"ID_CLUSTER" NUMBER(*,0), 
	"ID_SLAVE" NUMBER(*,0)
   ) SEGMENT CREATION IMMEDIATE 
  PCTFREE 10 PCTUSED 40 INITRANS 1 MAXTRANS 255 NOCOMPRESS LOGGING
  STORAGE(INITIAL 65536 NEXT 1048576 MINEXTENTS 1 MAXEXTENTS 2147483645
  PCTINCREASE 0 FREELISTS 1 FREELIST GROUPS 1 BUFFER_POOL DEFAULT FLASH_CACHE DEFAULT CELL_FLASH_CACHE DEFAULT)
  TABLESPACE "USERS" ;
--------------------------------------------------------
--  DDL for Table R_CONDITION
--------------------------------------------------------

  CREATE TABLE "EVENTOS_DW_G02"."R_CONDITION" 
   (	"ID_CONDITION" NUMBER(*,0), 
	"ID_CONDITION_PARENT" NUMBER(*,0), 
	"NEGATED" CHAR(1 BYTE), 
	"OPERATOR" VARCHAR2(255 BYTE), 
	"LEFT_NAME" VARCHAR2(255 BYTE), 
	"CONDITION_FUNCTION" VARCHAR2(255 BYTE), 
	"RIGHT_NAME" VARCHAR2(255 BYTE), 
	"ID_VALUE_RIGHT" NUMBER(*,0)
   ) SEGMENT CREATION IMMEDIATE 
  PCTFREE 10 PCTUSED 40 INITRANS 1 MAXTRANS 255 NOCOMPRESS LOGGING
  STORAGE(INITIAL 65536 NEXT 1048576 MINEXTENTS 1 MAXEXTENTS 2147483645
  PCTINCREASE 0 FREELISTS 1 FREELIST GROUPS 1 BUFFER_POOL DEFAULT FLASH_CACHE DEFAULT CELL_FLASH_CACHE DEFAULT)
  TABLESPACE "USERS" ;
--------------------------------------------------------
--  DDL for Table R_DATABASE
--------------------------------------------------------

  CREATE TABLE "EVENTOS_DW_G02"."R_DATABASE" 
   (	"ID_DATABASE" NUMBER(*,0), 
	"NAME" VARCHAR2(255 BYTE), 
	"ID_DATABASE_TYPE" NUMBER(*,0), 
	"ID_DATABASE_CONTYPE" NUMBER(*,0), 
	"HOST_NAME" VARCHAR2(255 BYTE), 
	"DATABASE_NAME" CLOB, 
	"PORT" NUMBER(*,0), 
	"USERNAME" VARCHAR2(255 BYTE), 
	"PASSWORD" VARCHAR2(255 BYTE), 
	"SERVERNAME" VARCHAR2(255 BYTE), 
	"DATA_TBS" VARCHAR2(255 BYTE), 
	"INDEX_TBS" VARCHAR2(255 BYTE)
   ) SEGMENT CREATION IMMEDIATE 
  PCTFREE 10 PCTUSED 40 INITRANS 1 MAXTRANS 255 NOCOMPRESS LOGGING
  STORAGE(INITIAL 65536 NEXT 1048576 MINEXTENTS 1 MAXEXTENTS 2147483645
  PCTINCREASE 0 FREELISTS 1 FREELIST GROUPS 1 BUFFER_POOL DEFAULT FLASH_CACHE DEFAULT CELL_FLASH_CACHE DEFAULT)
  TABLESPACE "USERS" 
 LOB ("DATABASE_NAME") STORE AS BASICFILE (
  TABLESPACE "USERS" ENABLE STORAGE IN ROW CHUNK 8192 RETENTION 
  NOCACHE LOGGING 
  STORAGE(INITIAL 65536 NEXT 1048576 MINEXTENTS 1 MAXEXTENTS 2147483645
  PCTINCREASE 0 FREELISTS 1 FREELIST GROUPS 1 BUFFER_POOL DEFAULT FLASH_CACHE DEFAULT CELL_FLASH_CACHE DEFAULT)) ;
--------------------------------------------------------
--  DDL for Table R_DATABASE_ATTRIBUTE
--------------------------------------------------------

  CREATE TABLE "EVENTOS_DW_G02"."R_DATABASE_ATTRIBUTE" 
   (	"ID_DATABASE_ATTRIBUTE" NUMBER(*,0), 
	"ID_DATABASE" NUMBER(*,0), 
	"CODE" VARCHAR2(255 BYTE), 
	"VALUE_STR" CLOB
   ) SEGMENT CREATION IMMEDIATE 
  PCTFREE 10 PCTUSED 40 INITRANS 1 MAXTRANS 255 NOCOMPRESS LOGGING
  STORAGE(INITIAL 65536 NEXT 1048576 MINEXTENTS 1 MAXEXTENTS 2147483645
  PCTINCREASE 0 FREELISTS 1 FREELIST GROUPS 1 BUFFER_POOL DEFAULT FLASH_CACHE DEFAULT CELL_FLASH_CACHE DEFAULT)
  TABLESPACE "USERS" 
 LOB ("VALUE_STR") STORE AS BASICFILE (
  TABLESPACE "USERS" ENABLE STORAGE IN ROW CHUNK 8192 RETENTION 
  NOCACHE LOGGING 
  STORAGE(INITIAL 65536 NEXT 1048576 MINEXTENTS 1 MAXEXTENTS 2147483645
  PCTINCREASE 0 FREELISTS 1 FREELIST GROUPS 1 BUFFER_POOL DEFAULT FLASH_CACHE DEFAULT CELL_FLASH_CACHE DEFAULT)) ;
--------------------------------------------------------
--  DDL for Table R_DATABASE_CONTYPE
--------------------------------------------------------

  CREATE TABLE "EVENTOS_DW_G02"."R_DATABASE_CONTYPE" 
   (	"ID_DATABASE_CONTYPE" NUMBER(*,0), 
	"CODE" VARCHAR2(255 BYTE), 
	"DESCRIPTION" VARCHAR2(255 BYTE)
   ) SEGMENT CREATION IMMEDIATE 
  PCTFREE 10 PCTUSED 40 INITRANS 1 MAXTRANS 255 NOCOMPRESS LOGGING
  STORAGE(INITIAL 65536 NEXT 1048576 MINEXTENTS 1 MAXEXTENTS 2147483645
  PCTINCREASE 0 FREELISTS 1 FREELIST GROUPS 1 BUFFER_POOL DEFAULT FLASH_CACHE DEFAULT CELL_FLASH_CACHE DEFAULT)
  TABLESPACE "USERS" ;
--------------------------------------------------------
--  DDL for Table R_DATABASE_TYPE
--------------------------------------------------------

  CREATE TABLE "EVENTOS_DW_G02"."R_DATABASE_TYPE" 
   (	"ID_DATABASE_TYPE" NUMBER(*,0), 
	"CODE" VARCHAR2(255 BYTE), 
	"DESCRIPTION" VARCHAR2(255 BYTE)
   ) SEGMENT CREATION IMMEDIATE 
  PCTFREE 10 PCTUSED 40 INITRANS 1 MAXTRANS 255 NOCOMPRESS LOGGING
  STORAGE(INITIAL 65536 NEXT 1048576 MINEXTENTS 1 MAXEXTENTS 2147483645
  PCTINCREASE 0 FREELISTS 1 FREELIST GROUPS 1 BUFFER_POOL DEFAULT FLASH_CACHE DEFAULT CELL_FLASH_CACHE DEFAULT)
  TABLESPACE "USERS" ;
--------------------------------------------------------
--  DDL for Table R_DEPENDENCY
--------------------------------------------------------

  CREATE TABLE "EVENTOS_DW_G02"."R_DEPENDENCY" 
   (	"ID_DEPENDENCY" NUMBER(*,0), 
	"ID_TRANSFORMATION" NUMBER(*,0), 
	"ID_DATABASE" NUMBER(*,0), 
	"TABLE_NAME" VARCHAR2(255 BYTE), 
	"FIELD_NAME" VARCHAR2(255 BYTE)
   ) SEGMENT CREATION IMMEDIATE 
  PCTFREE 10 PCTUSED 40 INITRANS 1 MAXTRANS 255 NOCOMPRESS LOGGING
  STORAGE(INITIAL 65536 NEXT 1048576 MINEXTENTS 1 MAXEXTENTS 2147483645
  PCTINCREASE 0 FREELISTS 1 FREELIST GROUPS 1 BUFFER_POOL DEFAULT FLASH_CACHE DEFAULT CELL_FLASH_CACHE DEFAULT)
  TABLESPACE "USERS" ;
--------------------------------------------------------
--  DDL for Table R_DIRECTORY
--------------------------------------------------------

  CREATE TABLE "EVENTOS_DW_G02"."R_DIRECTORY" 
   (	"ID_DIRECTORY" NUMBER(*,0), 
	"ID_DIRECTORY_PARENT" NUMBER(*,0), 
	"DIRECTORY_NAME" VARCHAR2(255 BYTE)
   ) SEGMENT CREATION IMMEDIATE 
  PCTFREE 10 PCTUSED 40 INITRANS 1 MAXTRANS 255 NOCOMPRESS LOGGING
  STORAGE(INITIAL 65536 NEXT 1048576 MINEXTENTS 1 MAXEXTENTS 2147483645
  PCTINCREASE 0 FREELISTS 1 FREELIST GROUPS 1 BUFFER_POOL DEFAULT FLASH_CACHE DEFAULT CELL_FLASH_CACHE DEFAULT)
  TABLESPACE "USERS" ;
--------------------------------------------------------
--  DDL for Table R_ELEMENT
--------------------------------------------------------

  CREATE TABLE "EVENTOS_DW_G02"."R_ELEMENT" 
   (	"ID_ELEMENT" NUMBER(*,0), 
	"ID_ELEMENT_TYPE" NUMBER(*,0), 
	"NAME" VARCHAR2(1999 BYTE)
   ) SEGMENT CREATION IMMEDIATE 
  PCTFREE 10 PCTUSED 40 INITRANS 1 MAXTRANS 255 NOCOMPRESS LOGGING
  STORAGE(INITIAL 65536 NEXT 1048576 MINEXTENTS 1 MAXEXTENTS 2147483645
  PCTINCREASE 0 FREELISTS 1 FREELIST GROUPS 1 BUFFER_POOL DEFAULT FLASH_CACHE DEFAULT CELL_FLASH_CACHE DEFAULT)
  TABLESPACE "USERS" ;
--------------------------------------------------------
--  DDL for Table R_ELEMENT_ATTRIBUTE
--------------------------------------------------------

  CREATE TABLE "EVENTOS_DW_G02"."R_ELEMENT_ATTRIBUTE" 
   (	"ID_ELEMENT_ATTRIBUTE" NUMBER(*,0), 
	"ID_ELEMENT" NUMBER(*,0), 
	"ID_ELEMENT_ATTRIBUTE_PARENT" NUMBER(*,0), 
	"ATTR_KEY" VARCHAR2(255 BYTE), 
	"ATTR_VALUE" CLOB
   ) SEGMENT CREATION IMMEDIATE 
  PCTFREE 10 PCTUSED 40 INITRANS 1 MAXTRANS 255 NOCOMPRESS LOGGING
  STORAGE(INITIAL 65536 NEXT 1048576 MINEXTENTS 1 MAXEXTENTS 2147483645
  PCTINCREASE 0 FREELISTS 1 FREELIST GROUPS 1 BUFFER_POOL DEFAULT FLASH_CACHE DEFAULT CELL_FLASH_CACHE DEFAULT)
  TABLESPACE "USERS" 
 LOB ("ATTR_VALUE") STORE AS BASICFILE (
  TABLESPACE "USERS" ENABLE STORAGE IN ROW CHUNK 8192 RETENTION 
  NOCACHE LOGGING 
  STORAGE(INITIAL 65536 NEXT 1048576 MINEXTENTS 1 MAXEXTENTS 2147483645
  PCTINCREASE 0 FREELISTS 1 FREELIST GROUPS 1 BUFFER_POOL DEFAULT FLASH_CACHE DEFAULT CELL_FLASH_CACHE DEFAULT)) ;
--------------------------------------------------------
--  DDL for Table R_ELEMENT_TYPE
--------------------------------------------------------

  CREATE TABLE "EVENTOS_DW_G02"."R_ELEMENT_TYPE" 
   (	"ID_ELEMENT_TYPE" NUMBER(*,0), 
	"ID_NAMESPACE" NUMBER(*,0), 
	"NAME" VARCHAR2(1999 BYTE), 
	"DESCRIPTION" CLOB
   ) SEGMENT CREATION IMMEDIATE 
  PCTFREE 10 PCTUSED 40 INITRANS 1 MAXTRANS 255 NOCOMPRESS LOGGING
  STORAGE(INITIAL 65536 NEXT 1048576 MINEXTENTS 1 MAXEXTENTS 2147483645
  PCTINCREASE 0 FREELISTS 1 FREELIST GROUPS 1 BUFFER_POOL DEFAULT FLASH_CACHE DEFAULT CELL_FLASH_CACHE DEFAULT)
  TABLESPACE "USERS" 
 LOB ("DESCRIPTION") STORE AS BASICFILE (
  TABLESPACE "USERS" ENABLE STORAGE IN ROW CHUNK 8192 RETENTION 
  NOCACHE LOGGING 
  STORAGE(INITIAL 65536 NEXT 1048576 MINEXTENTS 1 MAXEXTENTS 2147483645
  PCTINCREASE 0 FREELISTS 1 FREELIST GROUPS 1 BUFFER_POOL DEFAULT FLASH_CACHE DEFAULT CELL_FLASH_CACHE DEFAULT)) ;
--------------------------------------------------------
--  DDL for Table R_JOB
--------------------------------------------------------

  CREATE TABLE "EVENTOS_DW_G02"."R_JOB" 
   (	"ID_JOB" NUMBER(*,0), 
	"ID_DIRECTORY" NUMBER(*,0), 
	"NAME" VARCHAR2(255 BYTE), 
	"DESCRIPTION" CLOB, 
	"EXTENDED_DESCRIPTION" CLOB, 
	"JOB_VERSION" VARCHAR2(255 BYTE), 
	"JOB_STATUS" NUMBER(*,0), 
	"ID_DATABASE_LOG" NUMBER(*,0), 
	"TABLE_NAME_LOG" VARCHAR2(255 BYTE), 
	"CREATED_USER" VARCHAR2(255 BYTE), 
	"CREATED_DATE" DATE, 
	"MODIFIED_USER" VARCHAR2(255 BYTE), 
	"MODIFIED_DATE" DATE, 
	"USE_BATCH_ID" CHAR(1 BYTE), 
	"PASS_BATCH_ID" CHAR(1 BYTE), 
	"USE_LOGFIELD" CHAR(1 BYTE), 
	"SHARED_FILE" VARCHAR2(255 BYTE)
   ) SEGMENT CREATION IMMEDIATE 
  PCTFREE 10 PCTUSED 40 INITRANS 1 MAXTRANS 255 NOCOMPRESS LOGGING
  STORAGE(INITIAL 65536 NEXT 1048576 MINEXTENTS 1 MAXEXTENTS 2147483645
  PCTINCREASE 0 FREELISTS 1 FREELIST GROUPS 1 BUFFER_POOL DEFAULT FLASH_CACHE DEFAULT CELL_FLASH_CACHE DEFAULT)
  TABLESPACE "USERS" 
 LOB ("DESCRIPTION") STORE AS BASICFILE (
  TABLESPACE "USERS" ENABLE STORAGE IN ROW CHUNK 8192 RETENTION 
  NOCACHE LOGGING 
  STORAGE(INITIAL 65536 NEXT 1048576 MINEXTENTS 1 MAXEXTENTS 2147483645
  PCTINCREASE 0 FREELISTS 1 FREELIST GROUPS 1 BUFFER_POOL DEFAULT FLASH_CACHE DEFAULT CELL_FLASH_CACHE DEFAULT)) 
 LOB ("EXTENDED_DESCRIPTION") STORE AS BASICFILE (
  TABLESPACE "USERS" ENABLE STORAGE IN ROW CHUNK 8192 RETENTION 
  NOCACHE LOGGING 
  STORAGE(INITIAL 65536 NEXT 1048576 MINEXTENTS 1 MAXEXTENTS 2147483645
  PCTINCREASE 0 FREELISTS 1 FREELIST GROUPS 1 BUFFER_POOL DEFAULT FLASH_CACHE DEFAULT CELL_FLASH_CACHE DEFAULT)) ;
--------------------------------------------------------
--  DDL for Table R_JOBENTRY
--------------------------------------------------------

  CREATE TABLE "EVENTOS_DW_G02"."R_JOBENTRY" 
   (	"ID_JOBENTRY" NUMBER(*,0), 
	"ID_JOB" NUMBER(*,0), 
	"ID_JOBENTRY_TYPE" NUMBER(*,0), 
	"NAME" VARCHAR2(255 BYTE), 
	"DESCRIPTION" CLOB
   ) SEGMENT CREATION IMMEDIATE 
  PCTFREE 10 PCTUSED 40 INITRANS 1 MAXTRANS 255 NOCOMPRESS LOGGING
  STORAGE(INITIAL 65536 NEXT 1048576 MINEXTENTS 1 MAXEXTENTS 2147483645
  PCTINCREASE 0 FREELISTS 1 FREELIST GROUPS 1 BUFFER_POOL DEFAULT FLASH_CACHE DEFAULT CELL_FLASH_CACHE DEFAULT)
  TABLESPACE "USERS" 
 LOB ("DESCRIPTION") STORE AS BASICFILE (
  TABLESPACE "USERS" ENABLE STORAGE IN ROW CHUNK 8192 RETENTION 
  NOCACHE LOGGING 
  STORAGE(INITIAL 65536 NEXT 1048576 MINEXTENTS 1 MAXEXTENTS 2147483645
  PCTINCREASE 0 FREELISTS 1 FREELIST GROUPS 1 BUFFER_POOL DEFAULT FLASH_CACHE DEFAULT CELL_FLASH_CACHE DEFAULT)) ;
--------------------------------------------------------
--  DDL for Table R_JOBENTRY_ATTRIBUTE
--------------------------------------------------------

  CREATE TABLE "EVENTOS_DW_G02"."R_JOBENTRY_ATTRIBUTE" 
   (	"ID_JOBENTRY_ATTRIBUTE" NUMBER(*,0), 
	"ID_JOB" NUMBER(*,0), 
	"ID_JOBENTRY" NUMBER(*,0), 
	"NR" NUMBER(*,0), 
	"CODE" VARCHAR2(255 BYTE), 
	"VALUE_NUM" NUMBER(13,2), 
	"VALUE_STR" CLOB
   ) SEGMENT CREATION IMMEDIATE 
  PCTFREE 10 PCTUSED 40 INITRANS 1 MAXTRANS 255 NOCOMPRESS LOGGING
  STORAGE(INITIAL 65536 NEXT 1048576 MINEXTENTS 1 MAXEXTENTS 2147483645
  PCTINCREASE 0 FREELISTS 1 FREELIST GROUPS 1 BUFFER_POOL DEFAULT FLASH_CACHE DEFAULT CELL_FLASH_CACHE DEFAULT)
  TABLESPACE "USERS" 
 LOB ("VALUE_STR") STORE AS BASICFILE (
  TABLESPACE "USERS" ENABLE STORAGE IN ROW CHUNK 8192 RETENTION 
  NOCACHE LOGGING 
  STORAGE(INITIAL 65536 NEXT 1048576 MINEXTENTS 1 MAXEXTENTS 2147483645
  PCTINCREASE 0 FREELISTS 1 FREELIST GROUPS 1 BUFFER_POOL DEFAULT FLASH_CACHE DEFAULT CELL_FLASH_CACHE DEFAULT)) ;
--------------------------------------------------------
--  DDL for Table R_JOBENTRY_COPY
--------------------------------------------------------

  CREATE TABLE "EVENTOS_DW_G02"."R_JOBENTRY_COPY" 
   (	"ID_JOBENTRY_COPY" NUMBER(*,0), 
	"ID_JOBENTRY" NUMBER(*,0), 
	"ID_JOB" NUMBER(*,0), 
	"ID_JOBENTRY_TYPE" NUMBER(*,0), 
	"NR" NUMBER(*,0), 
	"GUI_LOCATION_X" NUMBER(*,0), 
	"GUI_LOCATION_Y" NUMBER(*,0), 
	"GUI_DRAW" CHAR(1 BYTE), 
	"PARALLEL" CHAR(1 BYTE)
   ) SEGMENT CREATION IMMEDIATE 
  PCTFREE 10 PCTUSED 40 INITRANS 1 MAXTRANS 255 NOCOMPRESS LOGGING
  STORAGE(INITIAL 65536 NEXT 1048576 MINEXTENTS 1 MAXEXTENTS 2147483645
  PCTINCREASE 0 FREELISTS 1 FREELIST GROUPS 1 BUFFER_POOL DEFAULT FLASH_CACHE DEFAULT CELL_FLASH_CACHE DEFAULT)
  TABLESPACE "USERS" ;
--------------------------------------------------------
--  DDL for Table R_JOBENTRY_DATABASE
--------------------------------------------------------

  CREATE TABLE "EVENTOS_DW_G02"."R_JOBENTRY_DATABASE" 
   (	"ID_JOB" NUMBER(*,0), 
	"ID_JOBENTRY" NUMBER(*,0), 
	"ID_DATABASE" NUMBER(*,0)
   ) SEGMENT CREATION IMMEDIATE 
  PCTFREE 10 PCTUSED 40 INITRANS 1 MAXTRANS 255 NOCOMPRESS LOGGING
  STORAGE(INITIAL 65536 NEXT 1048576 MINEXTENTS 1 MAXEXTENTS 2147483645
  PCTINCREASE 0 FREELISTS 1 FREELIST GROUPS 1 BUFFER_POOL DEFAULT FLASH_CACHE DEFAULT CELL_FLASH_CACHE DEFAULT)
  TABLESPACE "USERS" ;
--------------------------------------------------------
--  DDL for Table R_JOBENTRY_TYPE
--------------------------------------------------------

  CREATE TABLE "EVENTOS_DW_G02"."R_JOBENTRY_TYPE" 
   (	"ID_JOBENTRY_TYPE" NUMBER(*,0), 
	"CODE" VARCHAR2(255 BYTE), 
	"DESCRIPTION" VARCHAR2(255 BYTE)
   ) SEGMENT CREATION IMMEDIATE 
  PCTFREE 10 PCTUSED 40 INITRANS 1 MAXTRANS 255 NOCOMPRESS LOGGING
  STORAGE(INITIAL 65536 NEXT 1048576 MINEXTENTS 1 MAXEXTENTS 2147483645
  PCTINCREASE 0 FREELISTS 1 FREELIST GROUPS 1 BUFFER_POOL DEFAULT FLASH_CACHE DEFAULT CELL_FLASH_CACHE DEFAULT)
  TABLESPACE "USERS" ;
--------------------------------------------------------
--  DDL for Table R_JOB_ATTRIBUTE
--------------------------------------------------------

  CREATE TABLE "EVENTOS_DW_G02"."R_JOB_ATTRIBUTE" 
   (	"ID_JOB_ATTRIBUTE" NUMBER(*,0), 
	"ID_JOB" NUMBER(*,0), 
	"NR" NUMBER(*,0), 
	"CODE" VARCHAR2(255 BYTE), 
	"VALUE_NUM" NUMBER(*,0), 
	"VALUE_STR" CLOB
   ) SEGMENT CREATION IMMEDIATE 
  PCTFREE 10 PCTUSED 40 INITRANS 1 MAXTRANS 255 NOCOMPRESS LOGGING
  STORAGE(INITIAL 65536 NEXT 1048576 MINEXTENTS 1 MAXEXTENTS 2147483645
  PCTINCREASE 0 FREELISTS 1 FREELIST GROUPS 1 BUFFER_POOL DEFAULT FLASH_CACHE DEFAULT CELL_FLASH_CACHE DEFAULT)
  TABLESPACE "USERS" 
 LOB ("VALUE_STR") STORE AS BASICFILE (
  TABLESPACE "USERS" ENABLE STORAGE IN ROW CHUNK 8192 RETENTION 
  NOCACHE LOGGING 
  STORAGE(INITIAL 65536 NEXT 1048576 MINEXTENTS 1 MAXEXTENTS 2147483645
  PCTINCREASE 0 FREELISTS 1 FREELIST GROUPS 1 BUFFER_POOL DEFAULT FLASH_CACHE DEFAULT CELL_FLASH_CACHE DEFAULT)) ;
--------------------------------------------------------
--  DDL for Table R_JOB_HOP
--------------------------------------------------------

  CREATE TABLE "EVENTOS_DW_G02"."R_JOB_HOP" 
   (	"ID_JOB_HOP" NUMBER(*,0), 
	"ID_JOB" NUMBER(*,0), 
	"ID_JOBENTRY_COPY_FROM" NUMBER(*,0), 
	"ID_JOBENTRY_COPY_TO" NUMBER(*,0), 
	"ENABLED" CHAR(1 BYTE), 
	"EVALUATION" CHAR(1 BYTE), 
	"UNCONDITIONAL" CHAR(1 BYTE)
   ) SEGMENT CREATION IMMEDIATE 
  PCTFREE 10 PCTUSED 40 INITRANS 1 MAXTRANS 255 NOCOMPRESS LOGGING
  STORAGE(INITIAL 65536 NEXT 1048576 MINEXTENTS 1 MAXEXTENTS 2147483645
  PCTINCREASE 0 FREELISTS 1 FREELIST GROUPS 1 BUFFER_POOL DEFAULT FLASH_CACHE DEFAULT CELL_FLASH_CACHE DEFAULT)
  TABLESPACE "USERS" ;
--------------------------------------------------------
--  DDL for Table R_JOB_LOCK
--------------------------------------------------------

  CREATE TABLE "EVENTOS_DW_G02"."R_JOB_LOCK" 
   (	"ID_JOB_LOCK" NUMBER(*,0), 
	"ID_JOB" NUMBER(*,0), 
	"ID_USER" NUMBER(*,0), 
	"LOCK_MESSAGE" CLOB, 
	"LOCK_DATE" DATE
   ) SEGMENT CREATION IMMEDIATE 
  PCTFREE 10 PCTUSED 40 INITRANS 1 MAXTRANS 255 NOCOMPRESS LOGGING
  STORAGE(INITIAL 65536 NEXT 1048576 MINEXTENTS 1 MAXEXTENTS 2147483645
  PCTINCREASE 0 FREELISTS 1 FREELIST GROUPS 1 BUFFER_POOL DEFAULT FLASH_CACHE DEFAULT CELL_FLASH_CACHE DEFAULT)
  TABLESPACE "USERS" 
 LOB ("LOCK_MESSAGE") STORE AS BASICFILE (
  TABLESPACE "USERS" ENABLE STORAGE IN ROW CHUNK 8192 RETENTION 
  NOCACHE LOGGING 
  STORAGE(INITIAL 65536 NEXT 1048576 MINEXTENTS 1 MAXEXTENTS 2147483645
  PCTINCREASE 0 FREELISTS 1 FREELIST GROUPS 1 BUFFER_POOL DEFAULT FLASH_CACHE DEFAULT CELL_FLASH_CACHE DEFAULT)) ;
--------------------------------------------------------
--  DDL for Table R_JOB_NOTE
--------------------------------------------------------

  CREATE TABLE "EVENTOS_DW_G02"."R_JOB_NOTE" 
   (	"ID_JOB" NUMBER(*,0), 
	"ID_NOTE" NUMBER(*,0)
   ) SEGMENT CREATION IMMEDIATE 
  PCTFREE 10 PCTUSED 40 INITRANS 1 MAXTRANS 255 NOCOMPRESS LOGGING
  STORAGE(INITIAL 65536 NEXT 1048576 MINEXTENTS 1 MAXEXTENTS 2147483645
  PCTINCREASE 0 FREELISTS 1 FREELIST GROUPS 1 BUFFER_POOL DEFAULT FLASH_CACHE DEFAULT CELL_FLASH_CACHE DEFAULT)
  TABLESPACE "USERS" ;
--------------------------------------------------------
--  DDL for Table R_LOG
--------------------------------------------------------

  CREATE TABLE "EVENTOS_DW_G02"."R_LOG" 
   (	"ID_LOG" NUMBER(*,0), 
	"NAME" VARCHAR2(255 BYTE), 
	"ID_LOGLEVEL" NUMBER(*,0), 
	"LOGTYPE" VARCHAR2(255 BYTE), 
	"FILENAME" VARCHAR2(255 BYTE), 
	"FILEEXTENTION" VARCHAR2(255 BYTE), 
	"ADD_DATE" CHAR(1 BYTE), 
	"ADD_TIME" CHAR(1 BYTE), 
	"ID_DATABASE_LOG" NUMBER(*,0), 
	"TABLE_NAME_LOG" VARCHAR2(255 BYTE)
   ) SEGMENT CREATION IMMEDIATE 
  PCTFREE 10 PCTUSED 40 INITRANS 1 MAXTRANS 255 NOCOMPRESS LOGGING
  STORAGE(INITIAL 65536 NEXT 1048576 MINEXTENTS 1 MAXEXTENTS 2147483645
  PCTINCREASE 0 FREELISTS 1 FREELIST GROUPS 1 BUFFER_POOL DEFAULT FLASH_CACHE DEFAULT CELL_FLASH_CACHE DEFAULT)
  TABLESPACE "USERS" ;
--------------------------------------------------------
--  DDL for Table R_LOGLEVEL
--------------------------------------------------------

  CREATE TABLE "EVENTOS_DW_G02"."R_LOGLEVEL" 
   (	"ID_LOGLEVEL" NUMBER(*,0), 
	"CODE" VARCHAR2(255 BYTE), 
	"DESCRIPTION" VARCHAR2(255 BYTE)
   ) SEGMENT CREATION IMMEDIATE 
  PCTFREE 10 PCTUSED 40 INITRANS 1 MAXTRANS 255 NOCOMPRESS LOGGING
  STORAGE(INITIAL 65536 NEXT 1048576 MINEXTENTS 1 MAXEXTENTS 2147483645
  PCTINCREASE 0 FREELISTS 1 FREELIST GROUPS 1 BUFFER_POOL DEFAULT FLASH_CACHE DEFAULT CELL_FLASH_CACHE DEFAULT)
  TABLESPACE "USERS" ;
--------------------------------------------------------
--  DDL for Table R_NAMESPACE
--------------------------------------------------------

  CREATE TABLE "EVENTOS_DW_G02"."R_NAMESPACE" 
   (	"ID_NAMESPACE" NUMBER(*,0), 
	"NAME" VARCHAR2(1999 BYTE)
   ) SEGMENT CREATION IMMEDIATE 
  PCTFREE 10 PCTUSED 40 INITRANS 1 MAXTRANS 255 NOCOMPRESS LOGGING
  STORAGE(INITIAL 65536 NEXT 1048576 MINEXTENTS 1 MAXEXTENTS 2147483645
  PCTINCREASE 0 FREELISTS 1 FREELIST GROUPS 1 BUFFER_POOL DEFAULT FLASH_CACHE DEFAULT CELL_FLASH_CACHE DEFAULT)
  TABLESPACE "USERS" ;
--------------------------------------------------------
--  DDL for Table R_NOTE
--------------------------------------------------------

  CREATE TABLE "EVENTOS_DW_G02"."R_NOTE" 
   (	"ID_NOTE" NUMBER(*,0), 
	"VALUE_STR" CLOB, 
	"GUI_LOCATION_X" NUMBER(*,0), 
	"GUI_LOCATION_Y" NUMBER(*,0), 
	"GUI_LOCATION_WIDTH" NUMBER(*,0), 
	"GUI_LOCATION_HEIGHT" NUMBER(*,0), 
	"FONT_NAME" CLOB, 
	"FONT_SIZE" NUMBER(*,0), 
	"FONT_BOLD" CHAR(1 BYTE), 
	"FONT_ITALIC" CHAR(1 BYTE), 
	"FONT_COLOR_RED" NUMBER(*,0), 
	"FONT_COLOR_GREEN" NUMBER(*,0), 
	"FONT_COLOR_BLUE" NUMBER(*,0), 
	"FONT_BACK_GROUND_COLOR_RED" NUMBER(*,0), 
	"FONT_BACK_GROUND_COLOR_GREEN" NUMBER(*,0), 
	"FONT_BACK_GROUND_COLOR_BLUE" NUMBER(*,0), 
	"FONT_BORDER_COLOR_RED" NUMBER(*,0), 
	"FONT_BORDER_COLOR_GREEN" NUMBER(*,0), 
	"FONT_BORDER_COLOR_BLUE" NUMBER(*,0), 
	"DRAW_SHADOW" CHAR(1 BYTE)
   ) SEGMENT CREATION IMMEDIATE 
  PCTFREE 10 PCTUSED 40 INITRANS 1 MAXTRANS 255 NOCOMPRESS LOGGING
  STORAGE(INITIAL 65536 NEXT 1048576 MINEXTENTS 1 MAXEXTENTS 2147483645
  PCTINCREASE 0 FREELISTS 1 FREELIST GROUPS 1 BUFFER_POOL DEFAULT FLASH_CACHE DEFAULT CELL_FLASH_CACHE DEFAULT)
  TABLESPACE "USERS" 
 LOB ("VALUE_STR") STORE AS BASICFILE (
  TABLESPACE "USERS" ENABLE STORAGE IN ROW CHUNK 8192 RETENTION 
  NOCACHE LOGGING 
  STORAGE(INITIAL 65536 NEXT 1048576 MINEXTENTS 1 MAXEXTENTS 2147483645
  PCTINCREASE 0 FREELISTS 1 FREELIST GROUPS 1 BUFFER_POOL DEFAULT FLASH_CACHE DEFAULT CELL_FLASH_CACHE DEFAULT)) 
 LOB ("FONT_NAME") STORE AS BASICFILE (
  TABLESPACE "USERS" ENABLE STORAGE IN ROW CHUNK 8192 RETENTION 
  NOCACHE LOGGING 
  STORAGE(INITIAL 65536 NEXT 1048576 MINEXTENTS 1 MAXEXTENTS 2147483645
  PCTINCREASE 0 FREELISTS 1 FREELIST GROUPS 1 BUFFER_POOL DEFAULT FLASH_CACHE DEFAULT CELL_FLASH_CACHE DEFAULT)) ;
--------------------------------------------------------
--  DDL for Table R_PARTITION
--------------------------------------------------------

  CREATE TABLE "EVENTOS_DW_G02"."R_PARTITION" 
   (	"ID_PARTITION" NUMBER(*,0), 
	"ID_PARTITION_SCHEMA" NUMBER(*,0), 
	"PARTITION_ID" VARCHAR2(255 BYTE)
   ) SEGMENT CREATION IMMEDIATE 
  PCTFREE 10 PCTUSED 40 INITRANS 1 MAXTRANS 255 NOCOMPRESS LOGGING
  STORAGE(INITIAL 65536 NEXT 1048576 MINEXTENTS 1 MAXEXTENTS 2147483645
  PCTINCREASE 0 FREELISTS 1 FREELIST GROUPS 1 BUFFER_POOL DEFAULT FLASH_CACHE DEFAULT CELL_FLASH_CACHE DEFAULT)
  TABLESPACE "USERS" ;
--------------------------------------------------------
--  DDL for Table R_PARTITION_SCHEMA
--------------------------------------------------------

  CREATE TABLE "EVENTOS_DW_G02"."R_PARTITION_SCHEMA" 
   (	"ID_PARTITION_SCHEMA" NUMBER(*,0), 
	"NAME" VARCHAR2(255 BYTE), 
	"DYNAMIC_DEFINITION" CHAR(1 BYTE), 
	"PARTITIONS_PER_SLAVE" VARCHAR2(255 BYTE)
   ) SEGMENT CREATION IMMEDIATE 
  PCTFREE 10 PCTUSED 40 INITRANS 1 MAXTRANS 255 NOCOMPRESS LOGGING
  STORAGE(INITIAL 65536 NEXT 1048576 MINEXTENTS 1 MAXEXTENTS 2147483645
  PCTINCREASE 0 FREELISTS 1 FREELIST GROUPS 1 BUFFER_POOL DEFAULT FLASH_CACHE DEFAULT CELL_FLASH_CACHE DEFAULT)
  TABLESPACE "USERS" ;
--------------------------------------------------------
--  DDL for Table R_REPOSITORY_LOG
--------------------------------------------------------

  CREATE TABLE "EVENTOS_DW_G02"."R_REPOSITORY_LOG" 
   (	"ID_REPOSITORY_LOG" NUMBER(*,0), 
	"REP_VERSION" VARCHAR2(255 BYTE), 
	"LOG_USER" VARCHAR2(255 BYTE), 
	"OPERATION_DESC" CLOB, 
	"LOG_DATE" DATE
   ) SEGMENT CREATION IMMEDIATE 
  PCTFREE 10 PCTUSED 40 INITRANS 1 MAXTRANS 255 NOCOMPRESS LOGGING
  STORAGE(INITIAL 65536 NEXT 1048576 MINEXTENTS 1 MAXEXTENTS 2147483645
  PCTINCREASE 0 FREELISTS 1 FREELIST GROUPS 1 BUFFER_POOL DEFAULT FLASH_CACHE DEFAULT CELL_FLASH_CACHE DEFAULT)
  TABLESPACE "USERS" 
 LOB ("OPERATION_DESC") STORE AS BASICFILE (
  TABLESPACE "USERS" ENABLE STORAGE IN ROW CHUNK 8192 RETENTION 
  NOCACHE LOGGING 
  STORAGE(INITIAL 65536 NEXT 1048576 MINEXTENTS 1 MAXEXTENTS 2147483645
  PCTINCREASE 0 FREELISTS 1 FREELIST GROUPS 1 BUFFER_POOL DEFAULT FLASH_CACHE DEFAULT CELL_FLASH_CACHE DEFAULT)) ;
--------------------------------------------------------
--  DDL for Table R_SLAVE
--------------------------------------------------------

  CREATE TABLE "EVENTOS_DW_G02"."R_SLAVE" 
   (	"ID_SLAVE" NUMBER(*,0), 
	"NAME" VARCHAR2(255 BYTE), 
	"HOST_NAME" VARCHAR2(255 BYTE), 
	"PORT" VARCHAR2(255 BYTE), 
	"WEB_APP_NAME" VARCHAR2(255 BYTE), 
	"USERNAME" VARCHAR2(255 BYTE), 
	"PASSWORD" VARCHAR2(255 BYTE), 
	"PROXY_HOST_NAME" VARCHAR2(255 BYTE), 
	"PROXY_PORT" VARCHAR2(255 BYTE), 
	"NON_PROXY_HOSTS" VARCHAR2(255 BYTE), 
	"MASTER" CHAR(1 BYTE)
   ) SEGMENT CREATION IMMEDIATE 
  PCTFREE 10 PCTUSED 40 INITRANS 1 MAXTRANS 255 NOCOMPRESS LOGGING
  STORAGE(INITIAL 65536 NEXT 1048576 MINEXTENTS 1 MAXEXTENTS 2147483645
  PCTINCREASE 0 FREELISTS 1 FREELIST GROUPS 1 BUFFER_POOL DEFAULT FLASH_CACHE DEFAULT CELL_FLASH_CACHE DEFAULT)
  TABLESPACE "USERS" ;
--------------------------------------------------------
--  DDL for Table R_STEP
--------------------------------------------------------

  CREATE TABLE "EVENTOS_DW_G02"."R_STEP" 
   (	"ID_STEP" NUMBER(*,0), 
	"ID_TRANSFORMATION" NUMBER(*,0), 
	"NAME" VARCHAR2(255 BYTE), 
	"DESCRIPTION" CLOB, 
	"ID_STEP_TYPE" NUMBER(*,0), 
	"DISTRIBUTE" CHAR(1 BYTE), 
	"COPIES" NUMBER(*,0), 
	"GUI_LOCATION_X" NUMBER(*,0), 
	"GUI_LOCATION_Y" NUMBER(*,0), 
	"GUI_DRAW" CHAR(1 BYTE), 
	"COPIES_STRING" VARCHAR2(255 BYTE)
   ) SEGMENT CREATION IMMEDIATE 
  PCTFREE 10 PCTUSED 40 INITRANS 1 MAXTRANS 255 NOCOMPRESS LOGGING
  STORAGE(INITIAL 65536 NEXT 1048576 MINEXTENTS 1 MAXEXTENTS 2147483645
  PCTINCREASE 0 FREELISTS 1 FREELIST GROUPS 1 BUFFER_POOL DEFAULT FLASH_CACHE DEFAULT CELL_FLASH_CACHE DEFAULT)
  TABLESPACE "USERS" 
 LOB ("DESCRIPTION") STORE AS BASICFILE (
  TABLESPACE "USERS" ENABLE STORAGE IN ROW CHUNK 8192 RETENTION 
  NOCACHE LOGGING 
  STORAGE(INITIAL 65536 NEXT 1048576 MINEXTENTS 1 MAXEXTENTS 2147483645
  PCTINCREASE 0 FREELISTS 1 FREELIST GROUPS 1 BUFFER_POOL DEFAULT FLASH_CACHE DEFAULT CELL_FLASH_CACHE DEFAULT)) ;
--------------------------------------------------------
--  DDL for Table R_STEP_ATTRIBUTE
--------------------------------------------------------

  CREATE TABLE "EVENTOS_DW_G02"."R_STEP_ATTRIBUTE" 
   (	"ID_STEP_ATTRIBUTE" NUMBER(*,0), 
	"ID_TRANSFORMATION" NUMBER(*,0), 
	"ID_STEP" NUMBER(*,0), 
	"NR" NUMBER(*,0), 
	"CODE" VARCHAR2(255 BYTE), 
	"VALUE_NUM" NUMBER(*,0), 
	"VALUE_STR" CLOB
   ) SEGMENT CREATION IMMEDIATE 
  PCTFREE 10 PCTUSED 40 INITRANS 1 MAXTRANS 255 NOCOMPRESS LOGGING
  STORAGE(INITIAL 65536 NEXT 1048576 MINEXTENTS 1 MAXEXTENTS 2147483645
  PCTINCREASE 0 FREELISTS 1 FREELIST GROUPS 1 BUFFER_POOL DEFAULT FLASH_CACHE DEFAULT CELL_FLASH_CACHE DEFAULT)
  TABLESPACE "USERS" 
 LOB ("VALUE_STR") STORE AS BASICFILE (
  TABLESPACE "USERS" ENABLE STORAGE IN ROW CHUNK 8192 RETENTION 
  NOCACHE LOGGING 
  STORAGE(INITIAL 65536 NEXT 1048576 MINEXTENTS 1 MAXEXTENTS 2147483645
  PCTINCREASE 0 FREELISTS 1 FREELIST GROUPS 1 BUFFER_POOL DEFAULT FLASH_CACHE DEFAULT CELL_FLASH_CACHE DEFAULT)) ;
--------------------------------------------------------
--  DDL for Table R_STEP_DATABASE
--------------------------------------------------------

  CREATE TABLE "EVENTOS_DW_G02"."R_STEP_DATABASE" 
   (	"ID_TRANSFORMATION" NUMBER(*,0), 
	"ID_STEP" NUMBER(*,0), 
	"ID_DATABASE" NUMBER(*,0)
   ) SEGMENT CREATION IMMEDIATE 
  PCTFREE 10 PCTUSED 40 INITRANS 1 MAXTRANS 255 NOCOMPRESS LOGGING
  STORAGE(INITIAL 65536 NEXT 1048576 MINEXTENTS 1 MAXEXTENTS 2147483645
  PCTINCREASE 0 FREELISTS 1 FREELIST GROUPS 1 BUFFER_POOL DEFAULT FLASH_CACHE DEFAULT CELL_FLASH_CACHE DEFAULT)
  TABLESPACE "USERS" ;
--------------------------------------------------------
--  DDL for Table R_STEP_TYPE
--------------------------------------------------------

  CREATE TABLE "EVENTOS_DW_G02"."R_STEP_TYPE" 
   (	"ID_STEP_TYPE" NUMBER(*,0), 
	"CODE" VARCHAR2(255 BYTE), 
	"DESCRIPTION" VARCHAR2(255 BYTE), 
	"HELPTEXT" VARCHAR2(255 BYTE)
   ) SEGMENT CREATION IMMEDIATE 
  PCTFREE 10 PCTUSED 40 INITRANS 1 MAXTRANS 255 NOCOMPRESS LOGGING
  STORAGE(INITIAL 65536 NEXT 1048576 MINEXTENTS 1 MAXEXTENTS 2147483645
  PCTINCREASE 0 FREELISTS 1 FREELIST GROUPS 1 BUFFER_POOL DEFAULT FLASH_CACHE DEFAULT CELL_FLASH_CACHE DEFAULT)
  TABLESPACE "USERS" ;
--------------------------------------------------------
--  DDL for Table R_TRANSFORMATION
--------------------------------------------------------

  CREATE TABLE "EVENTOS_DW_G02"."R_TRANSFORMATION" 
   (	"ID_TRANSFORMATION" NUMBER(*,0), 
	"ID_DIRECTORY" NUMBER(*,0), 
	"NAME" VARCHAR2(255 BYTE), 
	"DESCRIPTION" CLOB, 
	"EXTENDED_DESCRIPTION" CLOB, 
	"TRANS_VERSION" VARCHAR2(255 BYTE), 
	"TRANS_STATUS" NUMBER(*,0), 
	"ID_STEP_READ" NUMBER(*,0), 
	"ID_STEP_WRITE" NUMBER(*,0), 
	"ID_STEP_INPUT" NUMBER(*,0), 
	"ID_STEP_OUTPUT" NUMBER(*,0), 
	"ID_STEP_UPDATE" NUMBER(*,0), 
	"ID_DATABASE_LOG" NUMBER(*,0), 
	"TABLE_NAME_LOG" VARCHAR2(255 BYTE), 
	"USE_BATCHID" CHAR(1 BYTE), 
	"USE_LOGFIELD" CHAR(1 BYTE), 
	"ID_DATABASE_MAXDATE" NUMBER(*,0), 
	"TABLE_NAME_MAXDATE" VARCHAR2(255 BYTE), 
	"FIELD_NAME_MAXDATE" VARCHAR2(255 BYTE), 
	"OFFSET_MAXDATE" NUMBER(12,2), 
	"DIFF_MAXDATE" NUMBER(12,2), 
	"CREATED_USER" VARCHAR2(255 BYTE), 
	"CREATED_DATE" DATE, 
	"MODIFIED_USER" VARCHAR2(255 BYTE), 
	"MODIFIED_DATE" DATE, 
	"SIZE_ROWSET" NUMBER(*,0)
   ) SEGMENT CREATION IMMEDIATE 
  PCTFREE 10 PCTUSED 40 INITRANS 1 MAXTRANS 255 NOCOMPRESS LOGGING
  STORAGE(INITIAL 65536 NEXT 1048576 MINEXTENTS 1 MAXEXTENTS 2147483645
  PCTINCREASE 0 FREELISTS 1 FREELIST GROUPS 1 BUFFER_POOL DEFAULT FLASH_CACHE DEFAULT CELL_FLASH_CACHE DEFAULT)
  TABLESPACE "USERS" 
 LOB ("DESCRIPTION") STORE AS BASICFILE (
  TABLESPACE "USERS" ENABLE STORAGE IN ROW CHUNK 8192 RETENTION 
  NOCACHE LOGGING 
  STORAGE(INITIAL 65536 NEXT 1048576 MINEXTENTS 1 MAXEXTENTS 2147483645
  PCTINCREASE 0 FREELISTS 1 FREELIST GROUPS 1 BUFFER_POOL DEFAULT FLASH_CACHE DEFAULT CELL_FLASH_CACHE DEFAULT)) 
 LOB ("EXTENDED_DESCRIPTION") STORE AS BASICFILE (
  TABLESPACE "USERS" ENABLE STORAGE IN ROW CHUNK 8192 RETENTION 
  NOCACHE LOGGING 
  STORAGE(INITIAL 65536 NEXT 1048576 MINEXTENTS 1 MAXEXTENTS 2147483645
  PCTINCREASE 0 FREELISTS 1 FREELIST GROUPS 1 BUFFER_POOL DEFAULT FLASH_CACHE DEFAULT CELL_FLASH_CACHE DEFAULT)) ;
--------------------------------------------------------
--  DDL for Table R_TRANS_ATTRIBUTE
--------------------------------------------------------

  CREATE TABLE "EVENTOS_DW_G02"."R_TRANS_ATTRIBUTE" 
   (	"ID_TRANS_ATTRIBUTE" NUMBER(*,0), 
	"ID_TRANSFORMATION" NUMBER(*,0), 
	"NR" NUMBER(*,0), 
	"CODE" VARCHAR2(255 BYTE), 
	"VALUE_NUM" NUMBER(*,0), 
	"VALUE_STR" CLOB
   ) SEGMENT CREATION IMMEDIATE 
  PCTFREE 10 PCTUSED 40 INITRANS 1 MAXTRANS 255 NOCOMPRESS LOGGING
  STORAGE(INITIAL 65536 NEXT 1048576 MINEXTENTS 1 MAXEXTENTS 2147483645
  PCTINCREASE 0 FREELISTS 1 FREELIST GROUPS 1 BUFFER_POOL DEFAULT FLASH_CACHE DEFAULT CELL_FLASH_CACHE DEFAULT)
  TABLESPACE "USERS" 
 LOB ("VALUE_STR") STORE AS BASICFILE (
  TABLESPACE "USERS" ENABLE STORAGE IN ROW CHUNK 8192 RETENTION 
  NOCACHE LOGGING 
  STORAGE(INITIAL 65536 NEXT 1048576 MINEXTENTS 1 MAXEXTENTS 2147483645
  PCTINCREASE 0 FREELISTS 1 FREELIST GROUPS 1 BUFFER_POOL DEFAULT FLASH_CACHE DEFAULT CELL_FLASH_CACHE DEFAULT)) ;
--------------------------------------------------------
--  DDL for Table R_TRANS_CLUSTER
--------------------------------------------------------

  CREATE TABLE "EVENTOS_DW_G02"."R_TRANS_CLUSTER" 
   (	"ID_TRANS_CLUSTER" NUMBER(*,0), 
	"ID_TRANSFORMATION" NUMBER(*,0), 
	"ID_CLUSTER" NUMBER(*,0)
   ) SEGMENT CREATION IMMEDIATE 
  PCTFREE 10 PCTUSED 40 INITRANS 1 MAXTRANS 255 NOCOMPRESS LOGGING
  STORAGE(INITIAL 65536 NEXT 1048576 MINEXTENTS 1 MAXEXTENTS 2147483645
  PCTINCREASE 0 FREELISTS 1 FREELIST GROUPS 1 BUFFER_POOL DEFAULT FLASH_CACHE DEFAULT CELL_FLASH_CACHE DEFAULT)
  TABLESPACE "USERS" ;
--------------------------------------------------------
--  DDL for Table R_TRANS_HOP
--------------------------------------------------------

  CREATE TABLE "EVENTOS_DW_G02"."R_TRANS_HOP" 
   (	"ID_TRANS_HOP" NUMBER(*,0), 
	"ID_TRANSFORMATION" NUMBER(*,0), 
	"ID_STEP_FROM" NUMBER(*,0), 
	"ID_STEP_TO" NUMBER(*,0), 
	"ENABLED" CHAR(1 BYTE)
   ) SEGMENT CREATION IMMEDIATE 
  PCTFREE 10 PCTUSED 40 INITRANS 1 MAXTRANS 255 NOCOMPRESS LOGGING
  STORAGE(INITIAL 65536 NEXT 1048576 MINEXTENTS 1 MAXEXTENTS 2147483645
  PCTINCREASE 0 FREELISTS 1 FREELIST GROUPS 1 BUFFER_POOL DEFAULT FLASH_CACHE DEFAULT CELL_FLASH_CACHE DEFAULT)
  TABLESPACE "USERS" ;
--------------------------------------------------------
--  DDL for Table R_TRANS_LOCK
--------------------------------------------------------

  CREATE TABLE "EVENTOS_DW_G02"."R_TRANS_LOCK" 
   (	"ID_TRANS_LOCK" NUMBER(*,0), 
	"ID_TRANSFORMATION" NUMBER(*,0), 
	"ID_USER" NUMBER(*,0), 
	"LOCK_MESSAGE" CLOB, 
	"LOCK_DATE" DATE
   ) SEGMENT CREATION IMMEDIATE 
  PCTFREE 10 PCTUSED 40 INITRANS 1 MAXTRANS 255 NOCOMPRESS LOGGING
  STORAGE(INITIAL 65536 NEXT 1048576 MINEXTENTS 1 MAXEXTENTS 2147483645
  PCTINCREASE 0 FREELISTS 1 FREELIST GROUPS 1 BUFFER_POOL DEFAULT FLASH_CACHE DEFAULT CELL_FLASH_CACHE DEFAULT)
  TABLESPACE "USERS" 
 LOB ("LOCK_MESSAGE") STORE AS BASICFILE (
  TABLESPACE "USERS" ENABLE STORAGE IN ROW CHUNK 8192 RETENTION 
  NOCACHE LOGGING 
  STORAGE(INITIAL 65536 NEXT 1048576 MINEXTENTS 1 MAXEXTENTS 2147483645
  PCTINCREASE 0 FREELISTS 1 FREELIST GROUPS 1 BUFFER_POOL DEFAULT FLASH_CACHE DEFAULT CELL_FLASH_CACHE DEFAULT)) ;
--------------------------------------------------------
--  DDL for Table R_TRANS_NOTE
--------------------------------------------------------

  CREATE TABLE "EVENTOS_DW_G02"."R_TRANS_NOTE" 
   (	"ID_TRANSFORMATION" NUMBER(*,0), 
	"ID_NOTE" NUMBER(*,0)
   ) SEGMENT CREATION IMMEDIATE 
  PCTFREE 10 PCTUSED 40 INITRANS 1 MAXTRANS 255 NOCOMPRESS LOGGING
  STORAGE(INITIAL 65536 NEXT 1048576 MINEXTENTS 1 MAXEXTENTS 2147483645
  PCTINCREASE 0 FREELISTS 1 FREELIST GROUPS 1 BUFFER_POOL DEFAULT FLASH_CACHE DEFAULT CELL_FLASH_CACHE DEFAULT)
  TABLESPACE "USERS" ;
--------------------------------------------------------
--  DDL for Table R_TRANS_PARTITION_SCHEMA
--------------------------------------------------------

  CREATE TABLE "EVENTOS_DW_G02"."R_TRANS_PARTITION_SCHEMA" 
   (	"ID_TRANS_PARTITION_SCHEMA" NUMBER(*,0), 
	"ID_TRANSFORMATION" NUMBER(*,0), 
	"ID_PARTITION_SCHEMA" NUMBER(*,0)
   ) SEGMENT CREATION IMMEDIATE 
  PCTFREE 10 PCTUSED 40 INITRANS 1 MAXTRANS 255 NOCOMPRESS LOGGING
  STORAGE(INITIAL 65536 NEXT 1048576 MINEXTENTS 1 MAXEXTENTS 2147483645
  PCTINCREASE 0 FREELISTS 1 FREELIST GROUPS 1 BUFFER_POOL DEFAULT FLASH_CACHE DEFAULT CELL_FLASH_CACHE DEFAULT)
  TABLESPACE "USERS" ;
--------------------------------------------------------
--  DDL for Table R_TRANS_SLAVE
--------------------------------------------------------

  CREATE TABLE "EVENTOS_DW_G02"."R_TRANS_SLAVE" 
   (	"ID_TRANS_SLAVE" NUMBER(*,0), 
	"ID_TRANSFORMATION" NUMBER(*,0), 
	"ID_SLAVE" NUMBER(*,0)
   ) SEGMENT CREATION IMMEDIATE 
  PCTFREE 10 PCTUSED 40 INITRANS 1 MAXTRANS 255 NOCOMPRESS LOGGING
  STORAGE(INITIAL 65536 NEXT 1048576 MINEXTENTS 1 MAXEXTENTS 2147483645
  PCTINCREASE 0 FREELISTS 1 FREELIST GROUPS 1 BUFFER_POOL DEFAULT FLASH_CACHE DEFAULT CELL_FLASH_CACHE DEFAULT)
  TABLESPACE "USERS" ;
--------------------------------------------------------
--  DDL for Table R_TRANS_STEP_CONDITION
--------------------------------------------------------

  CREATE TABLE "EVENTOS_DW_G02"."R_TRANS_STEP_CONDITION" 
   (	"ID_TRANSFORMATION" NUMBER(*,0), 
	"ID_STEP" NUMBER(*,0), 
	"ID_CONDITION" NUMBER(*,0)
   ) SEGMENT CREATION IMMEDIATE 
  PCTFREE 10 PCTUSED 40 INITRANS 1 MAXTRANS 255 NOCOMPRESS LOGGING
  STORAGE(INITIAL 65536 NEXT 1048576 MINEXTENTS 1 MAXEXTENTS 2147483645
  PCTINCREASE 0 FREELISTS 1 FREELIST GROUPS 1 BUFFER_POOL DEFAULT FLASH_CACHE DEFAULT CELL_FLASH_CACHE DEFAULT)
  TABLESPACE "USERS" ;
--------------------------------------------------------
--  DDL for Table R_USER
--------------------------------------------------------

  CREATE TABLE "EVENTOS_DW_G02"."R_USER" 
   (	"ID_USER" NUMBER(*,0), 
	"LOGIN" VARCHAR2(255 BYTE), 
	"PASSWORD" VARCHAR2(255 BYTE), 
	"NAME" VARCHAR2(255 BYTE), 
	"DESCRIPTION" VARCHAR2(255 BYTE), 
	"ENABLED" CHAR(1 BYTE)
   ) SEGMENT CREATION IMMEDIATE 
  PCTFREE 10 PCTUSED 40 INITRANS 1 MAXTRANS 255 NOCOMPRESS LOGGING
  STORAGE(INITIAL 65536 NEXT 1048576 MINEXTENTS 1 MAXEXTENTS 2147483645
  PCTINCREASE 0 FREELISTS 1 FREELIST GROUPS 1 BUFFER_POOL DEFAULT FLASH_CACHE DEFAULT CELL_FLASH_CACHE DEFAULT)
  TABLESPACE "USERS" ;
--------------------------------------------------------
--  DDL for Table R_VALUE
--------------------------------------------------------

  CREATE TABLE "EVENTOS_DW_G02"."R_VALUE" 
   (	"ID_VALUE" NUMBER(*,0), 
	"NAME" VARCHAR2(255 BYTE), 
	"VALUE_TYPE" VARCHAR2(255 BYTE), 
	"VALUE_STR" VARCHAR2(255 BYTE), 
	"IS_NULL" CHAR(1 BYTE)
   ) SEGMENT CREATION IMMEDIATE 
  PCTFREE 10 PCTUSED 40 INITRANS 1 MAXTRANS 255 NOCOMPRESS LOGGING
  STORAGE(INITIAL 65536 NEXT 1048576 MINEXTENTS 1 MAXEXTENTS 2147483645
  PCTINCREASE 0 FREELISTS 1 FREELIST GROUPS 1 BUFFER_POOL DEFAULT FLASH_CACHE DEFAULT CELL_FLASH_CACHE DEFAULT)
  TABLESPACE "USERS" ;
--------------------------------------------------------
--  DDL for Table R_VERSION
--------------------------------------------------------

  CREATE TABLE "EVENTOS_DW_G02"."R_VERSION" 
   (	"ID_VERSION" NUMBER(*,0), 
	"MAJOR_VERSION" NUMBER(*,0), 
	"MINOR_VERSION" NUMBER(*,0), 
	"IS_UPGRADE" CHAR(1 BYTE), 
	"UPGRADE_DATE" DATE
   ) SEGMENT CREATION IMMEDIATE 
  PCTFREE 10 PCTUSED 40 INITRANS 1 MAXTRANS 255 NOCOMPRESS LOGGING
  STORAGE(INITIAL 65536 NEXT 1048576 MINEXTENTS 1 MAXEXTENTS 2147483645
  PCTINCREASE 0 FREELISTS 1 FREELIST GROUPS 1 BUFFER_POOL DEFAULT FLASH_CACHE DEFAULT CELL_FLASH_CACHE DEFAULT)
  TABLESPACE "USERS" ;
REM INSERTING into EVENTOS_DW_G02.DIM_CATEGORIA
SET DEFINE OFF;
REM INSERTING into EVENTOS_DW_G02.DIM_CLIENTE
SET DEFINE OFF;
REM INSERTING into EVENTOS_DW_G02.DIM_EVENTO
SET DEFINE OFF;
REM INSERTING into EVENTOS_DW_G02.DIM_LEYENDA
SET DEFINE OFF;
REM INSERTING into EVENTOS_DW_G02.DIM_SEDE
SET DEFINE OFF;
REM INSERTING into EVENTOS_DW_G02.DIM_TIEMPO
SET DEFINE OFF;
REM INSERTING into EVENTOS_DW_G02.DIM_TIPO_STAND
SET DEFINE OFF;
REM INSERTING into EVENTOS_DW_G02.DIM_VISITANTE
SET DEFINE OFF;
REM INSERTING into EVENTOS_DW_G02.FACT_ALQUILER
SET DEFINE OFF;
REM INSERTING into EVENTOS_DW_G02.FACT_EVENTO
SET DEFINE OFF;
REM INSERTING into EVENTOS_DW_G02.FACT_EVENTO_STAND
SET DEFINE OFF;
REM INSERTING into EVENTOS_DW_G02.FACT_VISITA
SET DEFINE OFF;
REM INSERTING into EVENTOS_DW_G02.R_CLUSTER
SET DEFINE OFF;
REM INSERTING into EVENTOS_DW_G02.R_CLUSTER_SLAVE
SET DEFINE OFF;
REM INSERTING into EVENTOS_DW_G02.R_CONDITION
SET DEFINE OFF;
REM INSERTING into EVENTOS_DW_G02.R_DATABASE
SET DEFINE OFF;
Insert into EVENTOS_DW_G02.R_DATABASE (ID_DATABASE,NAME,ID_DATABASE_TYPE,ID_DATABASE_CONTYPE,HOST_NAME,PORT,USERNAME,PASSWORD,SERVERNAME,DATA_TBS,INDEX_TBS) values (1,'destino_EVENTOS_DW_G02',5,1,'localhost',1521,'EVENTOS_DW_G02','Encrypted 2be98afc86aa7f2abb918ad7cdbc3fd89',null,null,null);
Insert into EVENTOS_DW_G02.R_DATABASE (ID_DATABASE,NAME,ID_DATABASE_TYPE,ID_DATABASE_CONTYPE,HOST_NAME,PORT,USERNAME,PASSWORD,SERVERNAME,DATA_TBS,INDEX_TBS) values (2,'origen_EVENTOS_DW_G02',5,1,'localhost',1521,'EVENTOS_G02','Encrypted 2be98afc86aa7f2abb918ad7cdbc3fd89',null,null,null);
REM INSERTING into EVENTOS_DW_G02.R_DATABASE_ATTRIBUTE
SET DEFINE OFF;
Insert into EVENTOS_DW_G02.R_DATABASE_ATTRIBUTE (ID_DATABASE_ATTRIBUTE,ID_DATABASE,CODE) values (1,1,'USE_POOLING');
Insert into EVENTOS_DW_G02.R_DATABASE_ATTRIBUTE (ID_DATABASE_ATTRIBUTE,ID_DATABASE,CODE) values (2,1,'PRESERVE_RESERVED_WORD_CASE');
Insert into EVENTOS_DW_G02.R_DATABASE_ATTRIBUTE (ID_DATABASE_ATTRIBUTE,ID_DATABASE,CODE) values (3,1,'IS_CLUSTERED');
Insert into EVENTOS_DW_G02.R_DATABASE_ATTRIBUTE (ID_DATABASE_ATTRIBUTE,ID_DATABASE,CODE) values (4,1,'SUPPORTS_TIMESTAMP_DATA_TYPE');
Insert into EVENTOS_DW_G02.R_DATABASE_ATTRIBUTE (ID_DATABASE_ATTRIBUTE,ID_DATABASE,CODE) values (5,1,'SUPPORTS_BOOLEAN_DATA_TYPE');
Insert into EVENTOS_DW_G02.R_DATABASE_ATTRIBUTE (ID_DATABASE_ATTRIBUTE,ID_DATABASE,CODE) values (6,1,'PORT_NUMBER');
Insert into EVENTOS_DW_G02.R_DATABASE_ATTRIBUTE (ID_DATABASE_ATTRIBUTE,ID_DATABASE,CODE) values (7,1,'FORCE_IDENTIFIERS_TO_UPPERCASE');
Insert into EVENTOS_DW_G02.R_DATABASE_ATTRIBUTE (ID_DATABASE_ATTRIBUTE,ID_DATABASE,CODE) values (8,1,'FORCE_IDENTIFIERS_TO_LOWERCASE');
Insert into EVENTOS_DW_G02.R_DATABASE_ATTRIBUTE (ID_DATABASE_ATTRIBUTE,ID_DATABASE,CODE) values (9,1,'QUOTE_ALL_FIELDS');
Insert into EVENTOS_DW_G02.R_DATABASE_ATTRIBUTE (ID_DATABASE_ATTRIBUTE,ID_DATABASE,CODE) values (10,2,'USE_POOLING');
Insert into EVENTOS_DW_G02.R_DATABASE_ATTRIBUTE (ID_DATABASE_ATTRIBUTE,ID_DATABASE,CODE) values (11,2,'PRESERVE_RESERVED_WORD_CASE');
Insert into EVENTOS_DW_G02.R_DATABASE_ATTRIBUTE (ID_DATABASE_ATTRIBUTE,ID_DATABASE,CODE) values (12,2,'IS_CLUSTERED');
Insert into EVENTOS_DW_G02.R_DATABASE_ATTRIBUTE (ID_DATABASE_ATTRIBUTE,ID_DATABASE,CODE) values (13,2,'SUPPORTS_TIMESTAMP_DATA_TYPE');
Insert into EVENTOS_DW_G02.R_DATABASE_ATTRIBUTE (ID_DATABASE_ATTRIBUTE,ID_DATABASE,CODE) values (14,2,'SUPPORTS_BOOLEAN_DATA_TYPE');
Insert into EVENTOS_DW_G02.R_DATABASE_ATTRIBUTE (ID_DATABASE_ATTRIBUTE,ID_DATABASE,CODE) values (15,2,'PORT_NUMBER');
Insert into EVENTOS_DW_G02.R_DATABASE_ATTRIBUTE (ID_DATABASE_ATTRIBUTE,ID_DATABASE,CODE) values (16,2,'FORCE_IDENTIFIERS_TO_UPPERCASE');
Insert into EVENTOS_DW_G02.R_DATABASE_ATTRIBUTE (ID_DATABASE_ATTRIBUTE,ID_DATABASE,CODE) values (17,2,'FORCE_IDENTIFIERS_TO_LOWERCASE');
Insert into EVENTOS_DW_G02.R_DATABASE_ATTRIBUTE (ID_DATABASE_ATTRIBUTE,ID_DATABASE,CODE) values (18,2,'QUOTE_ALL_FIELDS');
REM INSERTING into EVENTOS_DW_G02.R_DATABASE_CONTYPE
SET DEFINE OFF;
Insert into EVENTOS_DW_G02.R_DATABASE_CONTYPE (ID_DATABASE_CONTYPE,CODE,DESCRIPTION) values (1,'Native','Native (JDBC)');
Insert into EVENTOS_DW_G02.R_DATABASE_CONTYPE (ID_DATABASE_CONTYPE,CODE,DESCRIPTION) values (2,'ODBC','ODBC');
Insert into EVENTOS_DW_G02.R_DATABASE_CONTYPE (ID_DATABASE_CONTYPE,CODE,DESCRIPTION) values (3,'OCI','OCI');
Insert into EVENTOS_DW_G02.R_DATABASE_CONTYPE (ID_DATABASE_CONTYPE,CODE,DESCRIPTION) values (4,'Plugin','Plugin specific access method');
Insert into EVENTOS_DW_G02.R_DATABASE_CONTYPE (ID_DATABASE_CONTYPE,CODE,DESCRIPTION) values (5,'JNDI','JNDI');
Insert into EVENTOS_DW_G02.R_DATABASE_CONTYPE (ID_DATABASE_CONTYPE,CODE,DESCRIPTION) values (6,',','Custom');
REM INSERTING into EVENTOS_DW_G02.R_DATABASE_TYPE
SET DEFINE OFF;
Insert into EVENTOS_DW_G02.R_DATABASE_TYPE (ID_DATABASE_TYPE,CODE,DESCRIPTION) values (1,'INGRES','Ingres');
Insert into EVENTOS_DW_G02.R_DATABASE_TYPE (ID_DATABASE_TYPE,CODE,DESCRIPTION) values (2,'INTERBASE','Borland Interbase');
Insert into EVENTOS_DW_G02.R_DATABASE_TYPE (ID_DATABASE_TYPE,CODE,DESCRIPTION) values (3,'INFOBRIGHT','Infobright');
Insert into EVENTOS_DW_G02.R_DATABASE_TYPE (ID_DATABASE_TYPE,CODE,DESCRIPTION) values (4,'IMPALA','Impala');
Insert into EVENTOS_DW_G02.R_DATABASE_TYPE (ID_DATABASE_TYPE,CODE,DESCRIPTION) values (5,'ORACLE','Oracle');
Insert into EVENTOS_DW_G02.R_DATABASE_TYPE (ID_DATABASE_TYPE,CODE,DESCRIPTION) values (6,'EXTENDB','ExtenDB');
Insert into EVENTOS_DW_G02.R_DATABASE_TYPE (ID_DATABASE_TYPE,CODE,DESCRIPTION) values (7,'MSACCESS','MS Access');
Insert into EVENTOS_DW_G02.R_DATABASE_TYPE (ID_DATABASE_TYPE,CODE,DESCRIPTION) values (8,'SYBASE','Sybase');
Insert into EVENTOS_DW_G02.R_DATABASE_TYPE (ID_DATABASE_TYPE,CODE,DESCRIPTION) values (9,'PALO','Palo MOLAP Server');
Insert into EVENTOS_DW_G02.R_DATABASE_TYPE (ID_DATABASE_TYPE,CODE,DESCRIPTION) values (10,'INFORMIX','Informix');
Insert into EVENTOS_DW_G02.R_DATABASE_TYPE (ID_DATABASE_TYPE,CODE,DESCRIPTION) values (11,'LucidDB','LucidDB');
Insert into EVENTOS_DW_G02.R_DATABASE_TYPE (ID_DATABASE_TYPE,CODE,DESCRIPTION) values (12,'TERADATA','Teradata');
Insert into EVENTOS_DW_G02.R_DATABASE_TYPE (ID_DATABASE_TYPE,CODE,DESCRIPTION) values (13,'UNIVERSE','UniVerse database');
Insert into EVENTOS_DW_G02.R_DATABASE_TYPE (ID_DATABASE_TYPE,CODE,DESCRIPTION) values (14,'MONETDB','MonetDB');
Insert into EVENTOS_DW_G02.R_DATABASE_TYPE (ID_DATABASE_TYPE,CODE,DESCRIPTION) values (15,'CACHE','Intersystems Cache');
Insert into EVENTOS_DW_G02.R_DATABASE_TYPE (ID_DATABASE_TYPE,CODE,DESCRIPTION) values (16,'MSSQL','MS SQL Server');
Insert into EVENTOS_DW_G02.R_DATABASE_TYPE (ID_DATABASE_TYPE,CODE,DESCRIPTION) values (17,'GREENPLUM','Greenplum');
Insert into EVENTOS_DW_G02.R_DATABASE_TYPE (ID_DATABASE_TYPE,CODE,DESCRIPTION) values (18,'KettleThin','Pentaho Data Services');
Insert into EVENTOS_DW_G02.R_DATABASE_TYPE (ID_DATABASE_TYPE,CODE,DESCRIPTION) values (19,'GENERIC','Generic database');
Insert into EVENTOS_DW_G02.R_DATABASE_TYPE (ID_DATABASE_TYPE,CODE,DESCRIPTION) values (20,'SPARKSIMBA','SparkSQL');
Insert into EVENTOS_DW_G02.R_DATABASE_TYPE (ID_DATABASE_TYPE,CODE,DESCRIPTION) values (21,'HIVE2','Hadoop Hive 2');
Insert into EVENTOS_DW_G02.R_DATABASE_TYPE (ID_DATABASE_TYPE,CODE,DESCRIPTION) values (22,'SQLITE','SQLite');
Insert into EVENTOS_DW_G02.R_DATABASE_TYPE (ID_DATABASE_TYPE,CODE,DESCRIPTION) values (23,'REMEDY-AR-SYSTEM','Remedy Action Request System');
Insert into EVENTOS_DW_G02.R_DATABASE_TYPE (ID_DATABASE_TYPE,CODE,DESCRIPTION) values (24,'MONDRIAN','Native Mondrian');
Insert into EVENTOS_DW_G02.R_DATABASE_TYPE (ID_DATABASE_TYPE,CODE,DESCRIPTION) values (25,'NETEZZA','Netezza');
Insert into EVENTOS_DW_G02.R_DATABASE_TYPE (ID_DATABASE_TYPE,CODE,DESCRIPTION) values (26,'VERTICA5','Vertica 5+');
Insert into EVENTOS_DW_G02.R_DATABASE_TYPE (ID_DATABASE_TYPE,CODE,DESCRIPTION) values (27,'POSTGRESQL','PostgreSQL');
Insert into EVENTOS_DW_G02.R_DATABASE_TYPE (ID_DATABASE_TYPE,CODE,DESCRIPTION) values (28,'EXASOL4','Exasol 4');
Insert into EVENTOS_DW_G02.R_DATABASE_TYPE (ID_DATABASE_TYPE,CODE,DESCRIPTION) values (29,'HYPERSONIC','Hypersonic');
Insert into EVENTOS_DW_G02.R_DATABASE_TYPE (ID_DATABASE_TYPE,CODE,DESCRIPTION) values (30,'HIVE','Hadoop Hive');
Insert into EVENTOS_DW_G02.R_DATABASE_TYPE (ID_DATABASE_TYPE,CODE,DESCRIPTION) values (31,'AS/400','AS/400');
Insert into EVENTOS_DW_G02.R_DATABASE_TYPE (ID_DATABASE_TYPE,CODE,DESCRIPTION) values (32,'ORACLERDB','Oracle RDB');
Insert into EVENTOS_DW_G02.R_DATABASE_TYPE (ID_DATABASE_TYPE,CODE,DESCRIPTION) values (33,'DBASE','dBase III, IV or 5');
Insert into EVENTOS_DW_G02.R_DATABASE_TYPE (ID_DATABASE_TYPE,CODE,DESCRIPTION) values (34,'KINGBASEES','KingbaseES');
Insert into EVENTOS_DW_G02.R_DATABASE_TYPE (ID_DATABASE_TYPE,CODE,DESCRIPTION) values (35,'SAPR3','SAP ERP System');
Insert into EVENTOS_DW_G02.R_DATABASE_TYPE (ID_DATABASE_TYPE,CODE,DESCRIPTION) values (36,'SQLBASE','Gupta SQL Base');
Insert into EVENTOS_DW_G02.R_DATABASE_TYPE (ID_DATABASE_TYPE,CODE,DESCRIPTION) values (37,'DERBY','Apache Derby');
Insert into EVENTOS_DW_G02.R_DATABASE_TYPE (ID_DATABASE_TYPE,CODE,DESCRIPTION) values (38,'VERTICA','Vertica');
Insert into EVENTOS_DW_G02.R_DATABASE_TYPE (ID_DATABASE_TYPE,CODE,DESCRIPTION) values (39,'INFINIDB','Calpont InfiniDB');
Insert into EVENTOS_DW_G02.R_DATABASE_TYPE (ID_DATABASE_TYPE,CODE,DESCRIPTION) values (40,'IMPALASIMBA','Cloudera Impala');
Insert into EVENTOS_DW_G02.R_DATABASE_TYPE (ID_DATABASE_TYPE,CODE,DESCRIPTION) values (41,'MYSQL','MySQL');
Insert into EVENTOS_DW_G02.R_DATABASE_TYPE (ID_DATABASE_TYPE,CODE,DESCRIPTION) values (42,'MSSQLNATIVE','MS SQL Server (Native)');
Insert into EVENTOS_DW_G02.R_DATABASE_TYPE (ID_DATABASE_TYPE,CODE,DESCRIPTION) values (43,'H2','H2');
Insert into EVENTOS_DW_G02.R_DATABASE_TYPE (ID_DATABASE_TYPE,CODE,DESCRIPTION) values (44,'SAPDB','MaxDB (SAP DB)');
Insert into EVENTOS_DW_G02.R_DATABASE_TYPE (ID_DATABASE_TYPE,CODE,DESCRIPTION) values (45,'VECTORWISE','Ingres VectorWise');
Insert into EVENTOS_DW_G02.R_DATABASE_TYPE (ID_DATABASE_TYPE,CODE,DESCRIPTION) values (46,'DB2','IBM DB2');
Insert into EVENTOS_DW_G02.R_DATABASE_TYPE (ID_DATABASE_TYPE,CODE,DESCRIPTION) values (47,'NEOVIEW','Neoview');
Insert into EVENTOS_DW_G02.R_DATABASE_TYPE (ID_DATABASE_TYPE,CODE,DESCRIPTION) values (48,'SYBASEIQ','SybaseIQ');
Insert into EVENTOS_DW_G02.R_DATABASE_TYPE (ID_DATABASE_TYPE,CODE,DESCRIPTION) values (49,'REDSHIFT','Redshift');
Insert into EVENTOS_DW_G02.R_DATABASE_TYPE (ID_DATABASE_TYPE,CODE,DESCRIPTION) values (50,'FIREBIRD','Firebird SQL');
Insert into EVENTOS_DW_G02.R_DATABASE_TYPE (ID_DATABASE_TYPE,CODE,DESCRIPTION) values (51,'OpenERPDatabaseMeta','OpenERP Server');
REM INSERTING into EVENTOS_DW_G02.R_DEPENDENCY
SET DEFINE OFF;
REM INSERTING into EVENTOS_DW_G02.R_DIRECTORY
SET DEFINE OFF;
REM INSERTING into EVENTOS_DW_G02.R_ELEMENT
SET DEFINE OFF;
REM INSERTING into EVENTOS_DW_G02.R_ELEMENT_ATTRIBUTE
SET DEFINE OFF;
REM INSERTING into EVENTOS_DW_G02.R_ELEMENT_TYPE
SET DEFINE OFF;
REM INSERTING into EVENTOS_DW_G02.R_JOB
SET DEFINE OFF;
REM INSERTING into EVENTOS_DW_G02.R_JOBENTRY
SET DEFINE OFF;
REM INSERTING into EVENTOS_DW_G02.R_JOBENTRY_ATTRIBUTE
SET DEFINE OFF;
REM INSERTING into EVENTOS_DW_G02.R_JOBENTRY_COPY
SET DEFINE OFF;
REM INSERTING into EVENTOS_DW_G02.R_JOBENTRY_DATABASE
SET DEFINE OFF;
REM INSERTING into EVENTOS_DW_G02.R_JOBENTRY_TYPE
SET DEFINE OFF;
Insert into EVENTOS_DW_G02.R_JOBENTRY_TYPE (ID_JOBENTRY_TYPE,CODE,DESCRIPTION) values (1,'WEBSERVICE_AVAILABLE','Check webservice availability');
Insert into EVENTOS_DW_G02.R_JOBENTRY_TYPE (ID_JOBENTRY_TYPE,CODE,DESCRIPTION) values (2,'MYSQL_BULK_FILE','BulkLoad from Mysql into file');
Insert into EVENTOS_DW_G02.R_JOBENTRY_TYPE (ID_JOBENTRY_TYPE,CODE,DESCRIPTION) values (3,'COPY_MOVE_RESULT_FILENAMES','Process result filenames');
Insert into EVENTOS_DW_G02.R_JOBENTRY_TYPE (ID_JOBENTRY_TYPE,CODE,DESCRIPTION) values (4,'XSD_VALIDATOR','XSD Validator');
Insert into EVENTOS_DW_G02.R_JOBENTRY_TYPE (ID_JOBENTRY_TYPE,CODE,DESCRIPTION) values (5,'SPECIAL','Special entries');
Insert into EVENTOS_DW_G02.R_JOBENTRY_TYPE (ID_JOBENTRY_TYPE,CODE,DESCRIPTION) values (6,'FILE_COMPARE','File Compare');
Insert into EVENTOS_DW_G02.R_JOBENTRY_TYPE (ID_JOBENTRY_TYPE,CODE,DESCRIPTION) values (7,'CREATE_FOLDER','Create a folder');
Insert into EVENTOS_DW_G02.R_JOBENTRY_TYPE (ID_JOBENTRY_TYPE,CODE,DESCRIPTION) values (8,'MAIL_VALIDATOR','Mail validator');
Insert into EVENTOS_DW_G02.R_JOBENTRY_TYPE (ID_JOBENTRY_TYPE,CODE,DESCRIPTION) values (9,'PALO_CUBE_DELETE','Palo Cube Delete');
Insert into EVENTOS_DW_G02.R_JOBENTRY_TYPE (ID_JOBENTRY_TYPE,CODE,DESCRIPTION) values (10,'MAIL','Mail');
Insert into EVENTOS_DW_G02.R_JOBENTRY_TYPE (ID_JOBENTRY_TYPE,CODE,DESCRIPTION) values (11,'TRUNCATE_TABLES','Truncate tables');
Insert into EVENTOS_DW_G02.R_JOBENTRY_TYPE (ID_JOBENTRY_TYPE,CODE,DESCRIPTION) values (12,'MSGBOX_INFO','Display Msgbox Info');
Insert into EVENTOS_DW_G02.R_JOBENTRY_TYPE (ID_JOBENTRY_TYPE,CODE,DESCRIPTION) values (13,'WAIT_FOR_SQL','Wait for SQL');
Insert into EVENTOS_DW_G02.R_JOBENTRY_TYPE (ID_JOBENTRY_TYPE,CODE,DESCRIPTION) values (14,'FTPS_GET','Get a file with FTPS');
Insert into EVENTOS_DW_G02.R_JOBENTRY_TYPE (ID_JOBENTRY_TYPE,CODE,DESCRIPTION) values (15,'FTP_DELETE','FTP Delete');
Insert into EVENTOS_DW_G02.R_JOBENTRY_TYPE (ID_JOBENTRY_TYPE,CODE,DESCRIPTION) values (16,'CHECK_FILES_LOCKED','Check files locked');
Insert into EVENTOS_DW_G02.R_JOBENTRY_TYPE (ID_JOBENTRY_TYPE,CODE,DESCRIPTION) values (17,'COLUMNS_EXIST','Columns exist in a table');
Insert into EVENTOS_DW_G02.R_JOBENTRY_TYPE (ID_JOBENTRY_TYPE,CODE,DESCRIPTION) values (18,'UNZIP','Unzip file');
Insert into EVENTOS_DW_G02.R_JOBENTRY_TYPE (ID_JOBENTRY_TYPE,CODE,DESCRIPTION) values (19,'JOB','Job');
Insert into EVENTOS_DW_G02.R_JOBENTRY_TYPE (ID_JOBENTRY_TYPE,CODE,DESCRIPTION) values (20,'DELETE_FILE','Delete file');
Insert into EVENTOS_DW_G02.R_JOBENTRY_TYPE (ID_JOBENTRY_TYPE,CODE,DESCRIPTION) values (21,'ABORT','Abort job');
Insert into EVENTOS_DW_G02.R_JOBENTRY_TYPE (ID_JOBENTRY_TYPE,CODE,DESCRIPTION) values (22,'SHELL','Shell');
Insert into EVENTOS_DW_G02.R_JOBENTRY_TYPE (ID_JOBENTRY_TYPE,CODE,DESCRIPTION) values (23,'HiveJobExecutorPlugin','Amazon Hive Job Executor');
Insert into EVENTOS_DW_G02.R_JOBENTRY_TYPE (ID_JOBENTRY_TYPE,CODE,DESCRIPTION) values (24,'XML_WELL_FORMED','Check if XML file is well formed');
Insert into EVENTOS_DW_G02.R_JOBENTRY_TYPE (ID_JOBENTRY_TYPE,CODE,DESCRIPTION) values (25,'SFTP','Get a file with SFTP');
Insert into EVENTOS_DW_G02.R_JOBENTRY_TYPE (ID_JOBENTRY_TYPE,CODE,DESCRIPTION) values (26,'HTTP','HTTP');
Insert into EVENTOS_DW_G02.R_JOBENTRY_TYPE (ID_JOBENTRY_TYPE,CODE,DESCRIPTION) values (27,'FTP_PUT','Put a file with FTP');
Insert into EVENTOS_DW_G02.R_JOBENTRY_TYPE (ID_JOBENTRY_TYPE,CODE,DESCRIPTION) values (28,'HadoopTransJobExecutorPlugin','Pentaho MapReduce');
Insert into EVENTOS_DW_G02.R_JOBENTRY_TYPE (ID_JOBENTRY_TYPE,CODE,DESCRIPTION) values (29,'SQL','SQL');
Insert into EVENTOS_DW_G02.R_JOBENTRY_TYPE (ID_JOBENTRY_TYPE,CODE,DESCRIPTION) values (30,'WRITE_TO_FILE','Write to file');
Insert into EVENTOS_DW_G02.R_JOBENTRY_TYPE (ID_JOBENTRY_TYPE,CODE,DESCRIPTION) values (31,'PGP_VERIFY_FILES','Verify file signature with PGP');
Insert into EVENTOS_DW_G02.R_JOBENTRY_TYPE (ID_JOBENTRY_TYPE,CODE,DESCRIPTION) values (32,'DOS_UNIX_CONVERTER','Convert file between Windows and Unix');
Insert into EVENTOS_DW_G02.R_JOBENTRY_TYPE (ID_JOBENTRY_TYPE,CODE,DESCRIPTION) values (33,'PGP_DECRYPT_FILES','Decrypt files with PGP');
Insert into EVENTOS_DW_G02.R_JOBENTRY_TYPE (ID_JOBENTRY_TYPE,CODE,DESCRIPTION) values (34,'SqoopImport','Sqoop Import');
Insert into EVENTOS_DW_G02.R_JOBENTRY_TYPE (ID_JOBENTRY_TYPE,CODE,DESCRIPTION) values (35,'EVAL','JavaScript');
Insert into EVENTOS_DW_G02.R_JOBENTRY_TYPE (ID_JOBENTRY_TYPE,CODE,DESCRIPTION) values (36,'OozieJobExecutor','Oozie Job Executor');
Insert into EVENTOS_DW_G02.R_JOBENTRY_TYPE (ID_JOBENTRY_TYPE,CODE,DESCRIPTION) values (37,'TALEND_JOB_EXEC','Talend Job Execution');
Insert into EVENTOS_DW_G02.R_JOBENTRY_TYPE (ID_JOBENTRY_TYPE,CODE,DESCRIPTION) values (38,'DELAY','Wait for');
Insert into EVENTOS_DW_G02.R_JOBENTRY_TYPE (ID_JOBENTRY_TYPE,CODE,DESCRIPTION) values (39,'HL7MLLPAcknowledge','HL7 MLLP Acknowledge');
Insert into EVENTOS_DW_G02.R_JOBENTRY_TYPE (ID_JOBENTRY_TYPE,CODE,DESCRIPTION) values (40,'PALO_CUBE_CREATE','Palo Cube Create');
Insert into EVENTOS_DW_G02.R_JOBENTRY_TYPE (ID_JOBENTRY_TYPE,CODE,DESCRIPTION) values (41,'FTP','Get a file with FTP');
Insert into EVENTOS_DW_G02.R_JOBENTRY_TYPE (ID_JOBENTRY_TYPE,CODE,DESCRIPTION) values (42,'HadoopJobExecutorPlugin','Hadoop Job Executor ');
Insert into EVENTOS_DW_G02.R_JOBENTRY_TYPE (ID_JOBENTRY_TYPE,CODE,DESCRIPTION) values (43,'HadoopPigScriptExecutorPlugin','Pig Script Executor');
Insert into EVENTOS_DW_G02.R_JOBENTRY_TYPE (ID_JOBENTRY_TYPE,CODE,DESCRIPTION) values (44,'SqoopExport','Sqoop Export');
Insert into EVENTOS_DW_G02.R_JOBENTRY_TYPE (ID_JOBENTRY_TYPE,CODE,DESCRIPTION) values (45,'FOLDERS_COMPARE','Compare folders');
Insert into EVENTOS_DW_G02.R_JOBENTRY_TYPE (ID_JOBENTRY_TYPE,CODE,DESCRIPTION) values (46,'ZIP_FILE','Zip file');
Insert into EVENTOS_DW_G02.R_JOBENTRY_TYPE (ID_JOBENTRY_TYPE,CODE,DESCRIPTION) values (47,'DATASOURCE_PUBLISH','Publish Model');
Insert into EVENTOS_DW_G02.R_JOBENTRY_TYPE (ID_JOBENTRY_TYPE,CODE,DESCRIPTION) values (48,'GET_POP','Get mails (POP3/IMAP)');
Insert into EVENTOS_DW_G02.R_JOBENTRY_TYPE (ID_JOBENTRY_TYPE,CODE,DESCRIPTION) values (49,'TRANS','Transformation');
Insert into EVENTOS_DW_G02.R_JOBENTRY_TYPE (ID_JOBENTRY_TYPE,CODE,DESCRIPTION) values (50,'DataRefineryBuildModel','Build Model');
Insert into EVENTOS_DW_G02.R_JOBENTRY_TYPE (ID_JOBENTRY_TYPE,CODE,DESCRIPTION) values (51,'SEND_NAGIOS_PASSIVE_CHECK','Send Nagios passive check');
Insert into EVENTOS_DW_G02.R_JOBENTRY_TYPE (ID_JOBENTRY_TYPE,CODE,DESCRIPTION) values (52,'SET_VARIABLES','Set variables');
Insert into EVENTOS_DW_G02.R_JOBENTRY_TYPE (ID_JOBENTRY_TYPE,CODE,DESCRIPTION) values (53,'MS_ACCESS_BULK_LOAD','MS Access Bulk Load');
Insert into EVENTOS_DW_G02.R_JOBENTRY_TYPE (ID_JOBENTRY_TYPE,CODE,DESCRIPTION) values (54,'DummyJob','Example Job');
Insert into EVENTOS_DW_G02.R_JOBENTRY_TYPE (ID_JOBENTRY_TYPE,CODE,DESCRIPTION) values (55,'COPY_FILES','Copy Files');
Insert into EVENTOS_DW_G02.R_JOBENTRY_TYPE (ID_JOBENTRY_TYPE,CODE,DESCRIPTION) values (56,'EVAL_FILES_METRICS','Evaluate files metrics');
Insert into EVENTOS_DW_G02.R_JOBENTRY_TYPE (ID_JOBENTRY_TYPE,CODE,DESCRIPTION) values (57,'ADD_RESULT_FILENAMES','Add filenames to result');
Insert into EVENTOS_DW_G02.R_JOBENTRY_TYPE (ID_JOBENTRY_TYPE,CODE,DESCRIPTION) values (58,'PING','Ping a host');
Insert into EVENTOS_DW_G02.R_JOBENTRY_TYPE (ID_JOBENTRY_TYPE,CODE,DESCRIPTION) values (59,'CHECK_DB_CONNECTIONS','Check Db connections');
Insert into EVENTOS_DW_G02.R_JOBENTRY_TYPE (ID_JOBENTRY_TYPE,CODE,DESCRIPTION) values (60,'DELETE_FOLDERS','Delete folders');
Insert into EVENTOS_DW_G02.R_JOBENTRY_TYPE (ID_JOBENTRY_TYPE,CODE,DESCRIPTION) values (61,'FILE_EXISTS','File Exists');
Insert into EVENTOS_DW_G02.R_JOBENTRY_TYPE (ID_JOBENTRY_TYPE,CODE,DESCRIPTION) values (62,'EVAL_TABLE_CONTENT','Evaluate rows number in a table');
Insert into EVENTOS_DW_G02.R_JOBENTRY_TYPE (ID_JOBENTRY_TYPE,CODE,DESCRIPTION) values (63,'FILES_EXIST','Checks if files exist');
Insert into EVENTOS_DW_G02.R_JOBENTRY_TYPE (ID_JOBENTRY_TYPE,CODE,DESCRIPTION) values (64,'SFTPPUT','Put a file with SFTP');
Insert into EVENTOS_DW_G02.R_JOBENTRY_TYPE (ID_JOBENTRY_TYPE,CODE,DESCRIPTION) values (65,'DELETE_RESULT_FILENAMES','Delete filenames from result');
Insert into EVENTOS_DW_G02.R_JOBENTRY_TYPE (ID_JOBENTRY_TYPE,CODE,DESCRIPTION) values (66,'DELETE_FILES','Delete files');
Insert into EVENTOS_DW_G02.R_JOBENTRY_TYPE (ID_JOBENTRY_TYPE,CODE,DESCRIPTION) values (67,'FTPS_PUT','Upload files to FTPS');
Insert into EVENTOS_DW_G02.R_JOBENTRY_TYPE (ID_JOBENTRY_TYPE,CODE,DESCRIPTION) values (68,'PGP_ENCRYPT_FILES','Encrypt files with PGP');
Insert into EVENTOS_DW_G02.R_JOBENTRY_TYPE (ID_JOBENTRY_TYPE,CODE,DESCRIPTION) values (69,'SUCCESS','Success');
Insert into EVENTOS_DW_G02.R_JOBENTRY_TYPE (ID_JOBENTRY_TYPE,CODE,DESCRIPTION) values (70,'WAIT_FOR_FILE','Wait for file');
Insert into EVENTOS_DW_G02.R_JOBENTRY_TYPE (ID_JOBENTRY_TYPE,CODE,DESCRIPTION) values (71,'WRITE_TO_LOG','Write To Log');
Insert into EVENTOS_DW_G02.R_JOBENTRY_TYPE (ID_JOBENTRY_TYPE,CODE,DESCRIPTION) values (72,'MSSQL_BULK_LOAD','BulkLoad into MSSQL');
Insert into EVENTOS_DW_G02.R_JOBENTRY_TYPE (ID_JOBENTRY_TYPE,CODE,DESCRIPTION) values (73,'TELNET','Telnet a host');
Insert into EVENTOS_DW_G02.R_JOBENTRY_TYPE (ID_JOBENTRY_TYPE,CODE,DESCRIPTION) values (74,'HadoopCopyFilesPlugin','Hadoop Copy Files');
Insert into EVENTOS_DW_G02.R_JOBENTRY_TYPE (ID_JOBENTRY_TYPE,CODE,DESCRIPTION) values (75,'MOVE_FILES','Move Files');
Insert into EVENTOS_DW_G02.R_JOBENTRY_TYPE (ID_JOBENTRY_TYPE,CODE,DESCRIPTION) values (76,'XSLT','XSL Transformation');
Insert into EVENTOS_DW_G02.R_JOBENTRY_TYPE (ID_JOBENTRY_TYPE,CODE,DESCRIPTION) values (77,'EMRJobExecutorPlugin','Amazon EMR Job Executor');
Insert into EVENTOS_DW_G02.R_JOBENTRY_TYPE (ID_JOBENTRY_TYPE,CODE,DESCRIPTION) values (78,'DTD_VALIDATOR','DTD Validator');
Insert into EVENTOS_DW_G02.R_JOBENTRY_TYPE (ID_JOBENTRY_TYPE,CODE,DESCRIPTION) values (79,'SparkSubmit','Spark Submit');
Insert into EVENTOS_DW_G02.R_JOBENTRY_TYPE (ID_JOBENTRY_TYPE,CODE,DESCRIPTION) values (80,'HL7MLLPInput','HL7 MLLP Input');
Insert into EVENTOS_DW_G02.R_JOBENTRY_TYPE (ID_JOBENTRY_TYPE,CODE,DESCRIPTION) values (81,'FOLDER_IS_EMPTY','Check if a folder is empty');
Insert into EVENTOS_DW_G02.R_JOBENTRY_TYPE (ID_JOBENTRY_TYPE,CODE,DESCRIPTION) values (82,'SIMPLE_EVAL','Simple evaluation');
Insert into EVENTOS_DW_G02.R_JOBENTRY_TYPE (ID_JOBENTRY_TYPE,CODE,DESCRIPTION) values (83,'EXPORT_REPOSITORY','Export repository to XML file');
Insert into EVENTOS_DW_G02.R_JOBENTRY_TYPE (ID_JOBENTRY_TYPE,CODE,DESCRIPTION) values (84,'SYSLOG','Send information using Syslog');
Insert into EVENTOS_DW_G02.R_JOBENTRY_TYPE (ID_JOBENTRY_TYPE,CODE,DESCRIPTION) values (85,'TABLE_EXISTS','Table exists');
Insert into EVENTOS_DW_G02.R_JOBENTRY_TYPE (ID_JOBENTRY_TYPE,CODE,DESCRIPTION) values (86,'MYSQL_BULK_LOAD','BulkLoad into Mysql');
Insert into EVENTOS_DW_G02.R_JOBENTRY_TYPE (ID_JOBENTRY_TYPE,CODE,DESCRIPTION) values (87,'CREATE_FILE','Create file');
Insert into EVENTOS_DW_G02.R_JOBENTRY_TYPE (ID_JOBENTRY_TYPE,CODE,DESCRIPTION) values (88,'CONNECTED_TO_REPOSITORY','Check if connected to repository');
Insert into EVENTOS_DW_G02.R_JOBENTRY_TYPE (ID_JOBENTRY_TYPE,CODE,DESCRIPTION) values (89,'SNMP_TRAP','Send SNMP trap');
REM INSERTING into EVENTOS_DW_G02.R_JOB_ATTRIBUTE
SET DEFINE OFF;
REM INSERTING into EVENTOS_DW_G02.R_JOB_HOP
SET DEFINE OFF;
REM INSERTING into EVENTOS_DW_G02.R_JOB_LOCK
SET DEFINE OFF;
REM INSERTING into EVENTOS_DW_G02.R_JOB_NOTE
SET DEFINE OFF;
REM INSERTING into EVENTOS_DW_G02.R_LOG
SET DEFINE OFF;
REM INSERTING into EVENTOS_DW_G02.R_LOGLEVEL
SET DEFINE OFF;
Insert into EVENTOS_DW_G02.R_LOGLEVEL (ID_LOGLEVEL,CODE,DESCRIPTION) values (1,'Error','Error');
Insert into EVENTOS_DW_G02.R_LOGLEVEL (ID_LOGLEVEL,CODE,DESCRIPTION) values (2,'Minimal','Minimal');
Insert into EVENTOS_DW_G02.R_LOGLEVEL (ID_LOGLEVEL,CODE,DESCRIPTION) values (3,'Basic','Basic');
Insert into EVENTOS_DW_G02.R_LOGLEVEL (ID_LOGLEVEL,CODE,DESCRIPTION) values (4,'Detailed','Detailed');
Insert into EVENTOS_DW_G02.R_LOGLEVEL (ID_LOGLEVEL,CODE,DESCRIPTION) values (5,'Debug','Debug');
Insert into EVENTOS_DW_G02.R_LOGLEVEL (ID_LOGLEVEL,CODE,DESCRIPTION) values (6,'Rowlevel','Row Level (very detailed)');
REM INSERTING into EVENTOS_DW_G02.R_NAMESPACE
SET DEFINE OFF;
REM INSERTING into EVENTOS_DW_G02.R_NOTE
SET DEFINE OFF;
REM INSERTING into EVENTOS_DW_G02.R_PARTITION
SET DEFINE OFF;
REM INSERTING into EVENTOS_DW_G02.R_PARTITION_SCHEMA
SET DEFINE OFF;
REM INSERTING into EVENTOS_DW_G02.R_REPOSITORY_LOG
SET DEFINE OFF;
Insert into EVENTOS_DW_G02.R_REPOSITORY_LOG (ID_REPOSITORY_LOG,REP_VERSION,LOG_USER,LOG_DATE) values (1,'5.0','admin',to_date('07-MAY-17','DD-MON-RR'));
Insert into EVENTOS_DW_G02.R_REPOSITORY_LOG (ID_REPOSITORY_LOG,REP_VERSION,LOG_USER,LOG_DATE) values (3,'5.0','admin',to_date('07-MAY-17','DD-MON-RR'));
Insert into EVENTOS_DW_G02.R_REPOSITORY_LOG (ID_REPOSITORY_LOG,REP_VERSION,LOG_USER,LOG_DATE) values (2,'5.0','admin',to_date('07-MAY-17','DD-MON-RR'));
REM INSERTING into EVENTOS_DW_G02.R_SLAVE
SET DEFINE OFF;
REM INSERTING into EVENTOS_DW_G02.R_STEP
SET DEFINE OFF;
Insert into EVENTOS_DW_G02.R_STEP (ID_STEP,ID_TRANSFORMATION,NAME,ID_STEP_TYPE,DISTRIBUTE,COPIES,GUI_LOCATION_X,GUI_LOCATION_Y,GUI_DRAW,COPIES_STRING) values (1,1,'visitante',140,'0',1,192,96,'1','1');
Insert into EVENTOS_DW_G02.R_STEP (ID_STEP,ID_TRANSFORMATION,NAME,ID_STEP_TYPE,DISTRIBUTE,COPIES,GUI_LOCATION_X,GUI_LOCATION_Y,GUI_DRAW,COPIES_STRING) values (2,1,'SK_VISITANTE',180,'1',1,392,96,'1','1');
Insert into EVENTOS_DW_G02.R_STEP (ID_STEP,ID_TRANSFORMATION,NAME,ID_STEP_TYPE,DISTRIBUTE,COPIES,GUI_LOCATION_X,GUI_LOCATION_Y,GUI_DRAW,COPIES_STRING) values (3,1,'Insert / Update',102,'1',1,592,96,'1','1');
REM INSERTING into EVENTOS_DW_G02.R_STEP_ATTRIBUTE
SET DEFINE OFF;
Insert into EVENTOS_DW_G02.R_STEP_ATTRIBUTE (ID_STEP_ATTRIBUTE,ID_TRANSFORMATION,ID_STEP,NR,CODE,VALUE_NUM) values (1,1,1,0,'PARTITIONING_SCHEMA',0);
Insert into EVENTOS_DW_G02.R_STEP_ATTRIBUTE (ID_STEP_ATTRIBUTE,ID_TRANSFORMATION,ID_STEP,NR,CODE,VALUE_NUM) values (2,1,1,0,'PARTITIONING_METHOD',0);
Insert into EVENTOS_DW_G02.R_STEP_ATTRIBUTE (ID_STEP_ATTRIBUTE,ID_TRANSFORMATION,ID_STEP,NR,CODE,VALUE_NUM) values (3,1,1,0,'id_connection',2);
Insert into EVENTOS_DW_G02.R_STEP_ATTRIBUTE (ID_STEP_ATTRIBUTE,ID_TRANSFORMATION,ID_STEP,NR,CODE,VALUE_NUM) values (4,1,1,0,'sql',0);
Insert into EVENTOS_DW_G02.R_STEP_ATTRIBUTE (ID_STEP_ATTRIBUTE,ID_TRANSFORMATION,ID_STEP,NR,CODE,VALUE_NUM) values (5,1,1,0,'limit',0);
Insert into EVENTOS_DW_G02.R_STEP_ATTRIBUTE (ID_STEP_ATTRIBUTE,ID_TRANSFORMATION,ID_STEP,NR,CODE,VALUE_NUM) values (6,1,1,0,'lookup',0);
Insert into EVENTOS_DW_G02.R_STEP_ATTRIBUTE (ID_STEP_ATTRIBUTE,ID_TRANSFORMATION,ID_STEP,NR,CODE,VALUE_NUM) values (7,1,1,0,'execute_each_row',0);
Insert into EVENTOS_DW_G02.R_STEP_ATTRIBUTE (ID_STEP_ATTRIBUTE,ID_TRANSFORMATION,ID_STEP,NR,CODE,VALUE_NUM) values (8,1,1,0,'variables_active',0);
Insert into EVENTOS_DW_G02.R_STEP_ATTRIBUTE (ID_STEP_ATTRIBUTE,ID_TRANSFORMATION,ID_STEP,NR,CODE,VALUE_NUM) values (9,1,1,0,'lazy_conversion_active',0);
Insert into EVENTOS_DW_G02.R_STEP_ATTRIBUTE (ID_STEP_ATTRIBUTE,ID_TRANSFORMATION,ID_STEP,NR,CODE,VALUE_NUM) values (10,1,1,0,'cluster_schema',0);
Insert into EVENTOS_DW_G02.R_STEP_ATTRIBUTE (ID_STEP_ATTRIBUTE,ID_TRANSFORMATION,ID_STEP,NR,CODE,VALUE_NUM) values (11,1,1,0,'row_distribution_code',0);
Insert into EVENTOS_DW_G02.R_STEP_ATTRIBUTE (ID_STEP_ATTRIBUTE,ID_TRANSFORMATION,ID_STEP,NR,CODE,VALUE_NUM) values (12,1,2,0,'PARTITIONING_SCHEMA',0);
Insert into EVENTOS_DW_G02.R_STEP_ATTRIBUTE (ID_STEP_ATTRIBUTE,ID_TRANSFORMATION,ID_STEP,NR,CODE,VALUE_NUM) values (13,1,2,0,'PARTITIONING_METHOD',0);
Insert into EVENTOS_DW_G02.R_STEP_ATTRIBUTE (ID_STEP_ATTRIBUTE,ID_TRANSFORMATION,ID_STEP,NR,CODE,VALUE_NUM) values (14,1,2,0,'valuename',0);
Insert into EVENTOS_DW_G02.R_STEP_ATTRIBUTE (ID_STEP_ATTRIBUTE,ID_TRANSFORMATION,ID_STEP,NR,CODE,VALUE_NUM) values (15,1,2,0,'use_database',0);
Insert into EVENTOS_DW_G02.R_STEP_ATTRIBUTE (ID_STEP_ATTRIBUTE,ID_TRANSFORMATION,ID_STEP,NR,CODE,VALUE_NUM) values (16,1,2,0,'schema',0);
Insert into EVENTOS_DW_G02.R_STEP_ATTRIBUTE (ID_STEP_ATTRIBUTE,ID_TRANSFORMATION,ID_STEP,NR,CODE,VALUE_NUM) values (17,1,2,0,'seqname',0);
Insert into EVENTOS_DW_G02.R_STEP_ATTRIBUTE (ID_STEP_ATTRIBUTE,ID_TRANSFORMATION,ID_STEP,NR,CODE,VALUE_NUM) values (18,1,2,0,'use_counter',0);
Insert into EVENTOS_DW_G02.R_STEP_ATTRIBUTE (ID_STEP_ATTRIBUTE,ID_TRANSFORMATION,ID_STEP,NR,CODE,VALUE_NUM) values (19,1,2,0,'counter_name',0);
Insert into EVENTOS_DW_G02.R_STEP_ATTRIBUTE (ID_STEP_ATTRIBUTE,ID_TRANSFORMATION,ID_STEP,NR,CODE,VALUE_NUM) values (20,1,2,0,'start_at',0);
Insert into EVENTOS_DW_G02.R_STEP_ATTRIBUTE (ID_STEP_ATTRIBUTE,ID_TRANSFORMATION,ID_STEP,NR,CODE,VALUE_NUM) values (21,1,2,0,'increment_by',0);
Insert into EVENTOS_DW_G02.R_STEP_ATTRIBUTE (ID_STEP_ATTRIBUTE,ID_TRANSFORMATION,ID_STEP,NR,CODE,VALUE_NUM) values (22,1,2,0,'max_value',0);
Insert into EVENTOS_DW_G02.R_STEP_ATTRIBUTE (ID_STEP_ATTRIBUTE,ID_TRANSFORMATION,ID_STEP,NR,CODE,VALUE_NUM) values (23,1,2,0,'cluster_schema',0);
Insert into EVENTOS_DW_G02.R_STEP_ATTRIBUTE (ID_STEP_ATTRIBUTE,ID_TRANSFORMATION,ID_STEP,NR,CODE,VALUE_NUM) values (24,1,2,0,'row_distribution_code',0);
Insert into EVENTOS_DW_G02.R_STEP_ATTRIBUTE (ID_STEP_ATTRIBUTE,ID_TRANSFORMATION,ID_STEP,NR,CODE,VALUE_NUM) values (25,1,3,0,'PARTITIONING_SCHEMA',0);
Insert into EVENTOS_DW_G02.R_STEP_ATTRIBUTE (ID_STEP_ATTRIBUTE,ID_TRANSFORMATION,ID_STEP,NR,CODE,VALUE_NUM) values (26,1,3,0,'PARTITIONING_METHOD',0);
Insert into EVENTOS_DW_G02.R_STEP_ATTRIBUTE (ID_STEP_ATTRIBUTE,ID_TRANSFORMATION,ID_STEP,NR,CODE,VALUE_NUM) values (27,1,3,0,'id_connection',1);
Insert into EVENTOS_DW_G02.R_STEP_ATTRIBUTE (ID_STEP_ATTRIBUTE,ID_TRANSFORMATION,ID_STEP,NR,CODE,VALUE_NUM) values (28,1,3,0,'commit',0);
Insert into EVENTOS_DW_G02.R_STEP_ATTRIBUTE (ID_STEP_ATTRIBUTE,ID_TRANSFORMATION,ID_STEP,NR,CODE,VALUE_NUM) values (29,1,3,0,'schema',0);
Insert into EVENTOS_DW_G02.R_STEP_ATTRIBUTE (ID_STEP_ATTRIBUTE,ID_TRANSFORMATION,ID_STEP,NR,CODE,VALUE_NUM) values (30,1,3,0,'table',0);
Insert into EVENTOS_DW_G02.R_STEP_ATTRIBUTE (ID_STEP_ATTRIBUTE,ID_TRANSFORMATION,ID_STEP,NR,CODE,VALUE_NUM) values (31,1,3,0,'update_bypassed',0);
Insert into EVENTOS_DW_G02.R_STEP_ATTRIBUTE (ID_STEP_ATTRIBUTE,ID_TRANSFORMATION,ID_STEP,NR,CODE,VALUE_NUM) values (32,1,3,0,'key_name',0);
Insert into EVENTOS_DW_G02.R_STEP_ATTRIBUTE (ID_STEP_ATTRIBUTE,ID_TRANSFORMATION,ID_STEP,NR,CODE,VALUE_NUM) values (33,1,3,0,'key_field',0);
Insert into EVENTOS_DW_G02.R_STEP_ATTRIBUTE (ID_STEP_ATTRIBUTE,ID_TRANSFORMATION,ID_STEP,NR,CODE,VALUE_NUM) values (34,1,3,0,'key_condition',0);
Insert into EVENTOS_DW_G02.R_STEP_ATTRIBUTE (ID_STEP_ATTRIBUTE,ID_TRANSFORMATION,ID_STEP,NR,CODE,VALUE_NUM) values (35,1,3,0,'key_name2',0);
Insert into EVENTOS_DW_G02.R_STEP_ATTRIBUTE (ID_STEP_ATTRIBUTE,ID_TRANSFORMATION,ID_STEP,NR,CODE,VALUE_NUM) values (36,1,3,0,'value_name',0);
Insert into EVENTOS_DW_G02.R_STEP_ATTRIBUTE (ID_STEP_ATTRIBUTE,ID_TRANSFORMATION,ID_STEP,NR,CODE,VALUE_NUM) values (37,1,3,0,'value_rename',0);
Insert into EVENTOS_DW_G02.R_STEP_ATTRIBUTE (ID_STEP_ATTRIBUTE,ID_TRANSFORMATION,ID_STEP,NR,CODE,VALUE_NUM) values (38,1,3,0,'value_update',0);
Insert into EVENTOS_DW_G02.R_STEP_ATTRIBUTE (ID_STEP_ATTRIBUTE,ID_TRANSFORMATION,ID_STEP,NR,CODE,VALUE_NUM) values (39,1,3,1,'value_name',0);
Insert into EVENTOS_DW_G02.R_STEP_ATTRIBUTE (ID_STEP_ATTRIBUTE,ID_TRANSFORMATION,ID_STEP,NR,CODE,VALUE_NUM) values (40,1,3,1,'value_rename',0);
Insert into EVENTOS_DW_G02.R_STEP_ATTRIBUTE (ID_STEP_ATTRIBUTE,ID_TRANSFORMATION,ID_STEP,NR,CODE,VALUE_NUM) values (41,1,3,1,'value_update',0);
Insert into EVENTOS_DW_G02.R_STEP_ATTRIBUTE (ID_STEP_ATTRIBUTE,ID_TRANSFORMATION,ID_STEP,NR,CODE,VALUE_NUM) values (42,1,3,2,'value_name',0);
Insert into EVENTOS_DW_G02.R_STEP_ATTRIBUTE (ID_STEP_ATTRIBUTE,ID_TRANSFORMATION,ID_STEP,NR,CODE,VALUE_NUM) values (43,1,3,2,'value_rename',0);
Insert into EVENTOS_DW_G02.R_STEP_ATTRIBUTE (ID_STEP_ATTRIBUTE,ID_TRANSFORMATION,ID_STEP,NR,CODE,VALUE_NUM) values (44,1,3,2,'value_update',0);
Insert into EVENTOS_DW_G02.R_STEP_ATTRIBUTE (ID_STEP_ATTRIBUTE,ID_TRANSFORMATION,ID_STEP,NR,CODE,VALUE_NUM) values (45,1,3,3,'value_name',0);
Insert into EVENTOS_DW_G02.R_STEP_ATTRIBUTE (ID_STEP_ATTRIBUTE,ID_TRANSFORMATION,ID_STEP,NR,CODE,VALUE_NUM) values (46,1,3,3,'value_rename',0);
Insert into EVENTOS_DW_G02.R_STEP_ATTRIBUTE (ID_STEP_ATTRIBUTE,ID_TRANSFORMATION,ID_STEP,NR,CODE,VALUE_NUM) values (47,1,3,3,'value_update',0);
Insert into EVENTOS_DW_G02.R_STEP_ATTRIBUTE (ID_STEP_ATTRIBUTE,ID_TRANSFORMATION,ID_STEP,NR,CODE,VALUE_NUM) values (48,1,3,4,'value_name',0);
Insert into EVENTOS_DW_G02.R_STEP_ATTRIBUTE (ID_STEP_ATTRIBUTE,ID_TRANSFORMATION,ID_STEP,NR,CODE,VALUE_NUM) values (49,1,3,4,'value_rename',0);
Insert into EVENTOS_DW_G02.R_STEP_ATTRIBUTE (ID_STEP_ATTRIBUTE,ID_TRANSFORMATION,ID_STEP,NR,CODE,VALUE_NUM) values (50,1,3,4,'value_update',0);
Insert into EVENTOS_DW_G02.R_STEP_ATTRIBUTE (ID_STEP_ATTRIBUTE,ID_TRANSFORMATION,ID_STEP,NR,CODE,VALUE_NUM) values (51,1,3,5,'value_name',0);
Insert into EVENTOS_DW_G02.R_STEP_ATTRIBUTE (ID_STEP_ATTRIBUTE,ID_TRANSFORMATION,ID_STEP,NR,CODE,VALUE_NUM) values (52,1,3,5,'value_rename',0);
Insert into EVENTOS_DW_G02.R_STEP_ATTRIBUTE (ID_STEP_ATTRIBUTE,ID_TRANSFORMATION,ID_STEP,NR,CODE,VALUE_NUM) values (53,1,3,5,'value_update',0);
Insert into EVENTOS_DW_G02.R_STEP_ATTRIBUTE (ID_STEP_ATTRIBUTE,ID_TRANSFORMATION,ID_STEP,NR,CODE,VALUE_NUM) values (54,1,3,0,'cluster_schema',0);
Insert into EVENTOS_DW_G02.R_STEP_ATTRIBUTE (ID_STEP_ATTRIBUTE,ID_TRANSFORMATION,ID_STEP,NR,CODE,VALUE_NUM) values (55,1,3,0,'row_distribution_code',0);
REM INSERTING into EVENTOS_DW_G02.R_STEP_DATABASE
SET DEFINE OFF;
Insert into EVENTOS_DW_G02.R_STEP_DATABASE (ID_TRANSFORMATION,ID_STEP,ID_DATABASE) values (1,1,2);
Insert into EVENTOS_DW_G02.R_STEP_DATABASE (ID_TRANSFORMATION,ID_STEP,ID_DATABASE) values (1,3,1);
REM INSERTING into EVENTOS_DW_G02.R_STEP_TYPE
SET DEFINE OFF;
Insert into EVENTOS_DW_G02.R_STEP_TYPE (ID_STEP_TYPE,CODE,DESCRIPTION,HELPTEXT) values (1,'Delete','Delete','Delete data in a database table based upon keys');
Insert into EVENTOS_DW_G02.R_STEP_TYPE (ID_STEP_TYPE,CODE,DESCRIPTION,HELPTEXT) values (2,'SyslogMessage','Send message to Syslog','Send message to Syslog server');
Insert into EVENTOS_DW_G02.R_STEP_TYPE (ID_STEP_TYPE,CODE,DESCRIPTION,HELPTEXT) values (3,'WriteToLog','Write to log','Write data to log');
Insert into EVENTOS_DW_G02.R_STEP_TYPE (ID_STEP_TYPE,CODE,DESCRIPTION,HELPTEXT) values (4,'TextFileOutput','Text file output','Write rows to a text file.');
Insert into EVENTOS_DW_G02.R_STEP_TYPE (ID_STEP_TYPE,CODE,DESCRIPTION,HELPTEXT) values (5,'MultiwayMergeJoin','Multiway Merge Join','Multiway Merge Join');
Insert into EVENTOS_DW_G02.R_STEP_TYPE (ID_STEP_TYPE,CODE,DESCRIPTION,HELPTEXT) values (6,'CreateSharedDimensions','Shared Dimension','Create shared dimensions for use with Streamlined Data Refinery.');
Insert into EVENTOS_DW_G02.R_STEP_TYPE (ID_STEP_TYPE,CODE,DESCRIPTION,HELPTEXT) values (7,'LDAPOutput','LDAP Output','Perform Insert, upsert, update, add or delete operations on records based on their DN (Distinguished  Name).');
Insert into EVENTOS_DW_G02.R_STEP_TYPE (ID_STEP_TYPE,CODE,DESCRIPTION,HELPTEXT) values (8,'MongoDbOutput','MongoDB Output','Writes to a Mongo DB collection');
Insert into EVENTOS_DW_G02.R_STEP_TYPE (ID_STEP_TYPE,CODE,DESCRIPTION,HELPTEXT) values (9,'SAPINPUT','SAP Input','Read data from SAP ERP, optionally with parameters');
Insert into EVENTOS_DW_G02.R_STEP_TYPE (ID_STEP_TYPE,CODE,DESCRIPTION,HELPTEXT) values (10,'AccessInput','Microsoft Access Input','Read data from a Microsoft Access file');
Insert into EVENTOS_DW_G02.R_STEP_TYPE (ID_STEP_TYPE,CODE,DESCRIPTION,HELPTEXT) values (11,'JoinRows','Join Rows (cartesian product)','The output of this step is the cartesian product of the input streams.
The number of rows is the multiplication of the number of rows in the input streams.');
Insert into EVENTOS_DW_G02.R_STEP_TYPE (ID_STEP_TYPE,CODE,DESCRIPTION,HELPTEXT) values (12,'JsonInput','JSON Input','Extract relevant portions out of JSON structures (file or incoming field) and output rows');
Insert into EVENTOS_DW_G02.R_STEP_TYPE (ID_STEP_TYPE,CODE,DESCRIPTION,HELPTEXT) values (13,'TableOutput','Table output','Write information to a database table');
Insert into EVENTOS_DW_G02.R_STEP_TYPE (ID_STEP_TYPE,CODE,DESCRIPTION,HELPTEXT) values (14,'MySQLBulkLoader','MySQL Bulk Loader','MySQL bulk loader step, loading data over a named pipe (not available on MS Windows)');
Insert into EVENTOS_DW_G02.R_STEP_TYPE (ID_STEP_TYPE,CODE,DESCRIPTION,HELPTEXT) values (15,'SingleThreader','Single Threader','Executes a transformation snippet in a single thread.  You need a standard mapping or a transformation with an Injector step where data from the parent transformation will arive in blocks.');
Insert into EVENTOS_DW_G02.R_STEP_TYPE (ID_STEP_TYPE,CODE,DESCRIPTION,HELPTEXT) values (16,'HadoopFileInputPlugin','Hadoop File Input','Process files from an HDFS location');
Insert into EVENTOS_DW_G02.R_STEP_TYPE (ID_STEP_TYPE,CODE,DESCRIPTION,HELPTEXT) values (17,'HL7Input','HL7 Input','Reads and parses HL7 messages and outputs a series of values from the messages');
Insert into EVENTOS_DW_G02.R_STEP_TYPE (ID_STEP_TYPE,CODE,DESCRIPTION,HELPTEXT) values (18,'RandomCCNumberGenerator','Generate random credit card numbers','Generate random valide (luhn check) credit card numbers');
Insert into EVENTOS_DW_G02.R_STEP_TYPE (ID_STEP_TYPE,CODE,DESCRIPTION,HELPTEXT) values (19,'RegexEval','Regex Evaluation','Regular expression Evaluation
This step uses a regular expression to evaluate a field. It can also extract new fields out of an existing field with capturing groups.');
Insert into EVENTOS_DW_G02.R_STEP_TYPE (ID_STEP_TYPE,CODE,DESCRIPTION,HELPTEXT) values (20,'PaloDimOutput','Palo Dim Output','Writes data to defined Palo Dimension');
Insert into EVENTOS_DW_G02.R_STEP_TYPE (ID_STEP_TYPE,CODE,DESCRIPTION,HELPTEXT) values (21,'S3FileOutputPlugin','S3 File Output','Create files in an S3 location');
Insert into EVENTOS_DW_G02.R_STEP_TYPE (ID_STEP_TYPE,CODE,DESCRIPTION,HELPTEXT) values (22,'ColumnExists','Check if a column exists','Check if a column exists in a table on a specified connection.');
Insert into EVENTOS_DW_G02.R_STEP_TYPE (ID_STEP_TYPE,CODE,DESCRIPTION,HELPTEXT) values (23,'IfNull','If field value is null','Sets a field value to a constant if it is null.');
Insert into EVENTOS_DW_G02.R_STEP_TYPE (ID_STEP_TYPE,CODE,DESCRIPTION,HELPTEXT) values (24,'FileLocked','Check if file is locked','Check if a file is locked by another process');
Insert into EVENTOS_DW_G02.R_STEP_TYPE (ID_STEP_TYPE,CODE,DESCRIPTION,HELPTEXT) values (25,'HBaseOutput','HBase Output','Writes data to an HBase table according to a mapping');
Insert into EVENTOS_DW_G02.R_STEP_TYPE (ID_STEP_TYPE,CODE,DESCRIPTION,HELPTEXT) values (26,'SocketWriter','Socket writer','Socket writer.  A socket server that can send rows of data to a socket reader.');
Insert into EVENTOS_DW_G02.R_STEP_TYPE (ID_STEP_TYPE,CODE,DESCRIPTION,HELPTEXT) values (27,'ExcelInput','Microsoft Excel Input','Read data from Excel and OpenOffice Workbooks (XLS, XLSX, ODS).');
Insert into EVENTOS_DW_G02.R_STEP_TYPE (ID_STEP_TYPE,CODE,DESCRIPTION,HELPTEXT) values (28,'TeraFast','Teradata Fastload Bulk Loader','The Teradata Fastload Bulk loader');
Insert into EVENTOS_DW_G02.R_STEP_TYPE (ID_STEP_TYPE,CODE,DESCRIPTION,HELPTEXT) values (29,'DataGrid','Data Grid','Enter rows of static data in a grid, usually for testing, reference or demo purpose');
Insert into EVENTOS_DW_G02.R_STEP_TYPE (ID_STEP_TYPE,CODE,DESCRIPTION,HELPTEXT) values (30,'DetectLastRow','Identify last row in a stream','Last row will be marked');
Insert into EVENTOS_DW_G02.R_STEP_TYPE (ID_STEP_TYPE,CODE,DESCRIPTION,HELPTEXT) values (31,'TypeExitEdi2XmlStep','Edi to XML','Converts Edi text to generic XML');
Insert into EVENTOS_DW_G02.R_STEP_TYPE (ID_STEP_TYPE,CODE,DESCRIPTION,HELPTEXT) values (32,'SortRows','Sort rows','Sort rows based upon field values (ascending or descending)');
Insert into EVENTOS_DW_G02.R_STEP_TYPE (ID_STEP_TYPE,CODE,DESCRIPTION,HELPTEXT) values (33,'FieldsChangeSequence','Add value fields changing sequence','Add sequence depending of fields value change.
Each time value of at least one field change, PDI will reset sequence. ');
Insert into EVENTOS_DW_G02.R_STEP_TYPE (ID_STEP_TYPE,CODE,DESCRIPTION,HELPTEXT) values (34,'RowsFromResult','Get rows from result','This allows you to read rows from a previous entry in a job.');
Insert into EVENTOS_DW_G02.R_STEP_TYPE (ID_STEP_TYPE,CODE,DESCRIPTION,HELPTEXT) values (35,'FieldMetadataAnnotation','Annotate Stream','Add more details to describe data for published models used by the Streamlined Data Refinery.');
Insert into EVENTOS_DW_G02.R_STEP_TYPE (ID_STEP_TYPE,CODE,DESCRIPTION,HELPTEXT) values (36,'JobExecutor','Job Executor','This step executes a Pentaho Data Integration job, sets parameters and passes rows.');
Insert into EVENTOS_DW_G02.R_STEP_TYPE (ID_STEP_TYPE,CODE,DESCRIPTION,HELPTEXT) values (37,'BlockUntilStepsFinish','Block this step until steps finish','Block this step until selected steps finish.');
Insert into EVENTOS_DW_G02.R_STEP_TYPE (ID_STEP_TYPE,CODE,DESCRIPTION,HELPTEXT) values (38,'AutoDoc','Automatic Documentation Output','This step automatically generates documentation based on input in the form of a list of transformations and jobs');
Insert into EVENTOS_DW_G02.R_STEP_TYPE (ID_STEP_TYPE,CODE,DESCRIPTION,HELPTEXT) values (39,'SFTPPut','SFTP Put','Upload a file or a stream file to remote host via SFTP');
Insert into EVENTOS_DW_G02.R_STEP_TYPE (ID_STEP_TYPE,CODE,DESCRIPTION,HELPTEXT) values (40,'ProcessFiles','Process files','Process one file per row (copy or move or delete).
This step only accept filename in input.');
Insert into EVENTOS_DW_G02.R_STEP_TYPE (ID_STEP_TYPE,CODE,DESCRIPTION,HELPTEXT) values (41,'RuleAccumulator','Rules Accumulator','Rules Accumulator Step');
Insert into EVENTOS_DW_G02.R_STEP_TYPE (ID_STEP_TYPE,CODE,DESCRIPTION,HELPTEXT) values (42,'DimensionLookup','Dimension lookup/update','Update a slowly changing dimension in a data warehouse.
Alternatively, look up information in this dimension.');
Insert into EVENTOS_DW_G02.R_STEP_TYPE (ID_STEP_TYPE,CODE,DESCRIPTION,HELPTEXT) values (43,'HadoopFileOutputPlugin','Hadoop File Output','Create files in an HDFS location ');
Insert into EVENTOS_DW_G02.R_STEP_TYPE (ID_STEP_TYPE,CODE,DESCRIPTION,HELPTEXT) values (44,'TypeExitGoogleAnalyticsInputStep','Google Analytics','Fetches data from google analytics account');
Insert into EVENTOS_DW_G02.R_STEP_TYPE (ID_STEP_TYPE,CODE,DESCRIPTION,HELPTEXT) values (45,'PaloCellInput','Palo Cell Input','Reads data from a defined Palo Cube ');
Insert into EVENTOS_DW_G02.R_STEP_TYPE (ID_STEP_TYPE,CODE,DESCRIPTION,HELPTEXT) values (46,'Append','Append streams','Append 2 streams in an ordered way');
Insert into EVENTOS_DW_G02.R_STEP_TYPE (ID_STEP_TYPE,CODE,DESCRIPTION,HELPTEXT) values (47,'ZipFile','Zip file','Zip a file.
Filename will be extracted from incoming stream.');
Insert into EVENTOS_DW_G02.R_STEP_TYPE (ID_STEP_TYPE,CODE,DESCRIPTION,HELPTEXT) values (48,'StringCut','Strings cut','Strings cut (substring).');
Insert into EVENTOS_DW_G02.R_STEP_TYPE (ID_STEP_TYPE,CODE,DESCRIPTION,HELPTEXT) values (49,'MergeRows','Merge Rows (diff)','Merge two streams of rows, sorted on a certain key.  The two streams are compared and the equals, changed, deleted and new rows are flagged.');
Insert into EVENTOS_DW_G02.R_STEP_TYPE (ID_STEP_TYPE,CODE,DESCRIPTION,HELPTEXT) values (50,'Validator','Data Validator','Validates passing data based on a set of rules');
Insert into EVENTOS_DW_G02.R_STEP_TYPE (ID_STEP_TYPE,CODE,DESCRIPTION,HELPTEXT) values (51,'HadoopEnterPlugin','MapReduce Input','Enter a Hadoop Mapper or Reducer transformation');
Insert into EVENTOS_DW_G02.R_STEP_TYPE (ID_STEP_TYPE,CODE,DESCRIPTION,HELPTEXT) values (52,'SSTableOutput','SSTable Output','Writes to a filesystem directory as a Cassandra SSTable');
Insert into EVENTOS_DW_G02.R_STEP_TYPE (ID_STEP_TYPE,CODE,DESCRIPTION,HELPTEXT) values (53,'MemoryGroupBy','Memory Group by','Builds aggregates in a group by fashion.
This step doesn''t require sorted input.');
Insert into EVENTOS_DW_G02.R_STEP_TYPE (ID_STEP_TYPE,CODE,DESCRIPTION,HELPTEXT) values (54,'SystemInfo','Get System Info','Get information from the system like system date, arguments, etc.');
Insert into EVENTOS_DW_G02.R_STEP_TYPE (ID_STEP_TYPE,CODE,DESCRIPTION,HELPTEXT) values (55,'Denormaliser','Row denormaliser','Denormalises rows by looking up key-value pairs and by assigning them to new fields in the output rows.
This method aggregates and needs the input rows to be sorted on the grouping fields');
Insert into EVENTOS_DW_G02.R_STEP_TYPE (ID_STEP_TYPE,CODE,DESCRIPTION,HELPTEXT) values (56,'ExcelOutput','Microsoft Excel Output','Stores records into an Excel (XLS) document with formatting information.');
Insert into EVENTOS_DW_G02.R_STEP_TYPE (ID_STEP_TYPE,CODE,DESCRIPTION,HELPTEXT) values (57,'Delay','Delay row','Output each input row after a delay');
Insert into EVENTOS_DW_G02.R_STEP_TYPE (ID_STEP_TYPE,CODE,DESCRIPTION,HELPTEXT) values (58,'OlapInput','OLAP Input','Execute and retrieve data using an MDX query against any XML/A OLAP datasource using olap4j');
Insert into EVENTOS_DW_G02.R_STEP_TYPE (ID_STEP_TYPE,CODE,DESCRIPTION,HELPTEXT) values (59,'NullIf','Null if...','Sets a field value to null if it is equal to a constant value');
Insert into EVENTOS_DW_G02.R_STEP_TYPE (ID_STEP_TYPE,CODE,DESCRIPTION,HELPTEXT) values (60,'SalesforceInput','Salesforce Input','Extract data from Salesforce');
Insert into EVENTOS_DW_G02.R_STEP_TYPE (ID_STEP_TYPE,CODE,DESCRIPTION,HELPTEXT) values (61,'CallEndpointStep','Call endpoint','Call an endpoint of the Pentaho Server.');
Insert into EVENTOS_DW_G02.R_STEP_TYPE (ID_STEP_TYPE,CODE,DESCRIPTION,HELPTEXT) values (62,'SocketReader','Socket reader','Socket reader.  A socket client that connects to a server (Socket Writer step).');
Insert into EVENTOS_DW_G02.R_STEP_TYPE (ID_STEP_TYPE,CODE,DESCRIPTION,HELPTEXT) values (63,'CombinationLookup','Combination lookup/update','Update a junk dimension in a data warehouse.
Alternatively, look up information in this dimension.
The primary key of a junk dimension are all the fields.');
Insert into EVENTOS_DW_G02.R_STEP_TYPE (ID_STEP_TYPE,CODE,DESCRIPTION,HELPTEXT) values (64,'FilesToResult','Set files in result','This step allows you to set filenames in the result of this transformation.
Subsequent job entries can then use this information.');
Insert into EVENTOS_DW_G02.R_STEP_TYPE (ID_STEP_TYPE,CODE,DESCRIPTION,HELPTEXT) values (65,'GPBulkLoader','Greenplum Bulk Loader','Greenplum Bulk Loader');
Insert into EVENTOS_DW_G02.R_STEP_TYPE (ID_STEP_TYPE,CODE,DESCRIPTION,HELPTEXT) values (66,'VerticaBulkLoader','Vertica Bulk Loader','Bulk load data into a Vertica database table');
Insert into EVENTOS_DW_G02.R_STEP_TYPE (ID_STEP_TYPE,CODE,DESCRIPTION,HELPTEXT) values (67,'SalesforceDelete','Salesforce Delete','Delete records in Salesforce module.');
Insert into EVENTOS_DW_G02.R_STEP_TYPE (ID_STEP_TYPE,CODE,DESCRIPTION,HELPTEXT) values (68,'HTTP','HTTP Client','Call a web service over HTTP by supplying a base URL by allowing parameters to be set dynamically');
Insert into EVENTOS_DW_G02.R_STEP_TYPE (ID_STEP_TYPE,CODE,DESCRIPTION,HELPTEXT) values (69,'XSDValidator','XSD Validator','Validate XML source (files or streams) against XML Schema Definition.');
Insert into EVENTOS_DW_G02.R_STEP_TYPE (ID_STEP_TYPE,CODE,DESCRIPTION,HELPTEXT) values (70,'SetValueConstant','Set field value to a constant','Set value of a field to a constant');
Insert into EVENTOS_DW_G02.R_STEP_TYPE (ID_STEP_TYPE,CODE,DESCRIPTION,HELPTEXT) values (71,'ScriptValueMod','Modified Java Script Value','This is a modified plugin for the Scripting Values with improved interface and performance.
Written & donated to open source by Martin Lange, Proconis : http://www.proconis.de');
Insert into EVENTOS_DW_G02.R_STEP_TYPE (ID_STEP_TYPE,CODE,DESCRIPTION,HELPTEXT) values (72,'CassandraInput','Cassandra Input','Reads data from a Cassandra table');
Insert into EVENTOS_DW_G02.R_STEP_TYPE (ID_STEP_TYPE,CODE,DESCRIPTION,HELPTEXT) values (73,'SwitchCase','Switch / Case','Switch a row to a certain target step based on the case value in a field.');
Insert into EVENTOS_DW_G02.R_STEP_TYPE (ID_STEP_TYPE,CODE,DESCRIPTION,HELPTEXT) values (74,'DBLookup','Database lookup','Look up values in a database using field values');
Insert into EVENTOS_DW_G02.R_STEP_TYPE (ID_STEP_TYPE,CODE,DESCRIPTION,HELPTEXT) values (75,'FuzzyMatch','Fuzzy match','Finding approximate matches to a string using matching algorithms.
Read a field from a main stream and output approximative value from lookup stream.');
Insert into EVENTOS_DW_G02.R_STEP_TYPE (ID_STEP_TYPE,CODE,DESCRIPTION,HELPTEXT) values (76,'TeraDataBulkLoader','Teradata TPT Bulk Loader','Teradata TPT bulkloader, using tbuild command');
Insert into EVENTOS_DW_G02.R_STEP_TYPE (ID_STEP_TYPE,CODE,DESCRIPTION,HELPTEXT) values (77,'TextFileInput','Text file input','Read data from a text file in several formats.
This data can then be passed on to the next step(s)...');
Insert into EVENTOS_DW_G02.R_STEP_TYPE (ID_STEP_TYPE,CODE,DESCRIPTION,HELPTEXT) values (78,'SalesforceInsert','Salesforce Insert','Insert records in Salesforce module.');
Insert into EVENTOS_DW_G02.R_STEP_TYPE (ID_STEP_TYPE,CODE,DESCRIPTION,HELPTEXT) values (79,'CouchDbInput','CouchDb Input','Reads from a Couch DB view');
Insert into EVENTOS_DW_G02.R_STEP_TYPE (ID_STEP_TYPE,CODE,DESCRIPTION,HELPTEXT) values (80,'ShapeFileReader','ESRI Shapefile Reader','Reads shape file data from an ESRI shape file and linked DBF file');
Insert into EVENTOS_DW_G02.R_STEP_TYPE (ID_STEP_TYPE,CODE,DESCRIPTION,HELPTEXT) values (81,'RssInput','RSS Input','Read RSS feeds');
Insert into EVENTOS_DW_G02.R_STEP_TYPE (ID_STEP_TYPE,CODE,DESCRIPTION,HELPTEXT) values (82,'Unique','Unique rows','Remove double rows and leave only unique occurrences.
This works only on a sorted input.
If the input is not sorted, only double consecutive rows are handled correctly.');
Insert into EVENTOS_DW_G02.R_STEP_TYPE (ID_STEP_TYPE,CODE,DESCRIPTION,HELPTEXT) values (83,'InfobrightOutput','Infobright Loader','Load data to an Infobright database table');
Insert into EVENTOS_DW_G02.R_STEP_TYPE (ID_STEP_TYPE,CODE,DESCRIPTION,HELPTEXT) values (84,'UserDefinedJavaClass','User Defined Java Class','This step allows you to program a step using Java code');
Insert into EVENTOS_DW_G02.R_STEP_TYPE (ID_STEP_TYPE,CODE,DESCRIPTION,HELPTEXT) values (85,'OraBulkLoader','Oracle Bulk Loader','Use Oracle Bulk Loader to load data');
Insert into EVENTOS_DW_G02.R_STEP_TYPE (ID_STEP_TYPE,CODE,DESCRIPTION,HELPTEXT) values (86,'StepsMetrics','Output steps metrics','Return metrics for one or several steps');
Insert into EVENTOS_DW_G02.R_STEP_TYPE (ID_STEP_TYPE,CODE,DESCRIPTION,HELPTEXT) values (87,'AvroInput','Avro Input','Reads data from an Avro file');
Insert into EVENTOS_DW_G02.R_STEP_TYPE (ID_STEP_TYPE,CODE,DESCRIPTION,HELPTEXT) values (88,'GetTableNames','Get table names','Get table names from database connection and send them to the next step');
Insert into EVENTOS_DW_G02.R_STEP_TYPE (ID_STEP_TYPE,CODE,DESCRIPTION,HELPTEXT) values (89,'SetSessionVariableStep','Set session variables','Set session variables in the current user session.');
Insert into EVENTOS_DW_G02.R_STEP_TYPE (ID_STEP_TYPE,CODE,DESCRIPTION,HELPTEXT) values (90,'MappingInput','Mapping input specification','Specify the input interface of a mapping');
Insert into EVENTOS_DW_G02.R_STEP_TYPE (ID_STEP_TYPE,CODE,DESCRIPTION,HELPTEXT) values (91,'Abort','Abort','Abort a transformation');
Insert into EVENTOS_DW_G02.R_STEP_TYPE (ID_STEP_TYPE,CODE,DESCRIPTION,HELPTEXT) values (92,'PropertyOutput','Properties Output','Write data to properties file');
Insert into EVENTOS_DW_G02.R_STEP_TYPE (ID_STEP_TYPE,CODE,DESCRIPTION,HELPTEXT) values (93,'JsonOutput','JSON Output','Create JSON block and output it in a field or a file.');
Insert into EVENTOS_DW_G02.R_STEP_TYPE (ID_STEP_TYPE,CODE,DESCRIPTION,HELPTEXT) values (94,'TableExists','Table exists','Check if a table exists on a specified connection');
Insert into EVENTOS_DW_G02.R_STEP_TYPE (ID_STEP_TYPE,CODE,DESCRIPTION,HELPTEXT) values (95,'DetectEmptyStream','Detect empty stream','This step will output one empty row if input stream is empty
(ie when input stream does not contain any row)');
Insert into EVENTOS_DW_G02.R_STEP_TYPE (ID_STEP_TYPE,CODE,DESCRIPTION,HELPTEXT) values (96,'GPLoad','Greenplum Load','Greenplum Load');
Insert into EVENTOS_DW_G02.R_STEP_TYPE (ID_STEP_TYPE,CODE,DESCRIPTION,HELPTEXT) values (97,'PaloDimInput','Palo Dim Input','Reads data from a defined Palo Dimension');
Insert into EVENTOS_DW_G02.R_STEP_TYPE (ID_STEP_TYPE,CODE,DESCRIPTION,HELPTEXT) values (98,'Normaliser','Row Normaliser','De-normalised information can be normalised using this step type.');
Insert into EVENTOS_DW_G02.R_STEP_TYPE (ID_STEP_TYPE,CODE,DESCRIPTION,HELPTEXT) values (99,'SelectValues','Select values','Select or remove fields in a row.
Optionally, set the field meta-data: type, length and precision.');
Insert into EVENTOS_DW_G02.R_STEP_TYPE (ID_STEP_TYPE,CODE,DESCRIPTION,HELPTEXT) values (100,'XMLInputStream','XML Input Stream (StAX)','This step is capable of processing very large and complex XML files very fast.');
Insert into EVENTOS_DW_G02.R_STEP_TYPE (ID_STEP_TYPE,CODE,DESCRIPTION,HELPTEXT) values (101,'Flattener','Row flattener','Flattens consecutive rows based on the order in which they appear in the input stream');
Insert into EVENTOS_DW_G02.R_STEP_TYPE (ID_STEP_TYPE,CODE,DESCRIPTION,HELPTEXT) values (102,'InsertUpdate','Insert / Update','Update or insert rows in a database based upon keys.');
Insert into EVENTOS_DW_G02.R_STEP_TYPE (ID_STEP_TYPE,CODE,DESCRIPTION,HELPTEXT) values (103,'MondrianInput','Mondrian Input','Execute and retrieve data using an MDX query against a Pentaho Analyses OLAP server (Mondrian)');
Insert into EVENTOS_DW_G02.R_STEP_TYPE (ID_STEP_TYPE,CODE,DESCRIPTION,HELPTEXT) values (104,'SQLFileOutput','SQL File Output','Output SQL INSERT statements to file');
Insert into EVENTOS_DW_G02.R_STEP_TYPE (ID_STEP_TYPE,CODE,DESCRIPTION,HELPTEXT) values (105,'ReplaceString','Replace in string','Replace all occurences a word in a string with another word.');
Insert into EVENTOS_DW_G02.R_STEP_TYPE (ID_STEP_TYPE,CODE,DESCRIPTION,HELPTEXT) values (106,'CubeInput','De-serialize from file','Read rows of data from a data cube.');
Insert into EVENTOS_DW_G02.R_STEP_TYPE (ID_STEP_TYPE,CODE,DESCRIPTION,HELPTEXT) values (107,'WebServiceLookup','Web Services Lookup','Look up information using web services (WSDL)');
Insert into EVENTOS_DW_G02.R_STEP_TYPE (ID_STEP_TYPE,CODE,DESCRIPTION,HELPTEXT) values (108,'TableCompare','Table Compare','Compares 2 tables and gives back a list of differences');
Insert into EVENTOS_DW_G02.R_STEP_TYPE (ID_STEP_TYPE,CODE,DESCRIPTION,HELPTEXT) values (109,'MailValidator','Mail Validator','Check if an email address is valid.');
Insert into EVENTOS_DW_G02.R_STEP_TYPE (ID_STEP_TYPE,CODE,DESCRIPTION,HELPTEXT) values (110,'OpenERPObjectOutputImport','OpenERP Object Output','Writes data into OpenERP objects using the object import procedure');
Insert into EVENTOS_DW_G02.R_STEP_TYPE (ID_STEP_TYPE,CODE,DESCRIPTION,HELPTEXT) values (111,'RowGenerator','Generate Rows','Generate a number of empty or equal rows.');
Insert into EVENTOS_DW_G02.R_STEP_TYPE (ID_STEP_TYPE,CODE,DESCRIPTION,HELPTEXT) values (112,'DBJoin','Database join','Execute a database query using stream values as parameters');
Insert into EVENTOS_DW_G02.R_STEP_TYPE (ID_STEP_TYPE,CODE,DESCRIPTION,HELPTEXT) values (113,'RuleExecutor','Rules Executor','Rules Executor Step');
Insert into EVENTOS_DW_G02.R_STEP_TYPE (ID_STEP_TYPE,CODE,DESCRIPTION,HELPTEXT) values (114,'MergeJoin','Merge Join','Joins two streams on a given key and outputs a joined set. The input streams must be sorted on the join key');
Insert into EVENTOS_DW_G02.R_STEP_TYPE (ID_STEP_TYPE,CODE,DESCRIPTION,HELPTEXT) values (115,'OpenERPObjectInput','OpenERP Object Input','Reads data from OpenERP objects');
Insert into EVENTOS_DW_G02.R_STEP_TYPE (ID_STEP_TYPE,CODE,DESCRIPTION,HELPTEXT) values (116,'SalesforceUpdate','Salesforce Update','Update records in Salesforce module.');
Insert into EVENTOS_DW_G02.R_STEP_TYPE (ID_STEP_TYPE,CODE,DESCRIPTION,HELPTEXT) values (117,'GetVariable','Get Variables','Determine the values of certain (environment or Kettle) variables and put them in field values.');
Insert into EVENTOS_DW_G02.R_STEP_TYPE (ID_STEP_TYPE,CODE,DESCRIPTION,HELPTEXT) values (118,'XMLJoin','XML Join','Joins a stream of XML-Tags into a target XML string');
Insert into EVENTOS_DW_G02.R_STEP_TYPE (ID_STEP_TYPE,CODE,DESCRIPTION,HELPTEXT) values (119,'HadoopExitPlugin','MapReduce Output','Exit a Hadoop Mapper or Reducer transformation ');
Insert into EVENTOS_DW_G02.R_STEP_TYPE (ID_STEP_TYPE,CODE,DESCRIPTION,HELPTEXT) values (120,'DBProc','Call DB Procedure','Get back information by calling a database procedure.');
Insert into EVENTOS_DW_G02.R_STEP_TYPE (ID_STEP_TYPE,CODE,DESCRIPTION,HELPTEXT) values (121,'RssOutput','RSS Output','Read RSS stream.');
Insert into EVENTOS_DW_G02.R_STEP_TYPE (ID_STEP_TYPE,CODE,DESCRIPTION,HELPTEXT) values (122,'S3CSVINPUT','S3 CSV Input','Is capable of reading CSV data stored on Amazon S3 in parallel');
Insert into EVENTOS_DW_G02.R_STEP_TYPE (ID_STEP_TYPE,CODE,DESCRIPTION,HELPTEXT) values (123,'SimpleMapping','Simple Mapping (sub-transformation)','Run a mapping (sub-transformation), use MappingInput and MappingOutput to specify the fields interface.  This is the simplified version only allowing one input and one output data set.');
Insert into EVENTOS_DW_G02.R_STEP_TYPE (ID_STEP_TYPE,CODE,DESCRIPTION,HELPTEXT) values (124,'OpenERPObjectDelete','OpenERP Object Delete','Deletes OpenERP objects');
Insert into EVENTOS_DW_G02.R_STEP_TYPE (ID_STEP_TYPE,CODE,DESCRIPTION,HELPTEXT) values (125,'LDAPInput','LDAP Input','Read data from LDAP host');
Insert into EVENTOS_DW_G02.R_STEP_TYPE (ID_STEP_TYPE,CODE,DESCRIPTION,HELPTEXT) values (126,'XBaseInput','XBase input','Reads records from an XBase type of database file (DBF)');
Insert into EVENTOS_DW_G02.R_STEP_TYPE (ID_STEP_TYPE,CODE,DESCRIPTION,HELPTEXT) values (127,'CheckSum','Add a checksum','Add a checksum column for each input row');
Insert into EVENTOS_DW_G02.R_STEP_TYPE (ID_STEP_TYPE,CODE,DESCRIPTION,HELPTEXT) values (128,'ParallelGzipCsvInput','GZIP CSV Input','Parallel GZIP CSV file input reader');
Insert into EVENTOS_DW_G02.R_STEP_TYPE (ID_STEP_TYPE,CODE,DESCRIPTION,HELPTEXT) values (129,'SortedMerge','Sorted Merge','Sorted Merge');
Insert into EVENTOS_DW_G02.R_STEP_TYPE (ID_STEP_TYPE,CODE,DESCRIPTION,HELPTEXT) values (130,'ChangeFileEncoding','Change file encoding','Change file encoding and create a new file');
Insert into EVENTOS_DW_G02.R_STEP_TYPE (ID_STEP_TYPE,CODE,DESCRIPTION,HELPTEXT) values (131,'LoadFileInput','Load file content in memory','Load file content in memory');
Insert into EVENTOS_DW_G02.R_STEP_TYPE (ID_STEP_TYPE,CODE,DESCRIPTION,HELPTEXT) values (132,'Janino','User Defined Java Expression','Calculate the result of a Java Expression using Janino');
Insert into EVENTOS_DW_G02.R_STEP_TYPE (ID_STEP_TYPE,CODE,DESCRIPTION,HELPTEXT) values (133,'HBaseInput','HBase Input','Reads data from a HBase table according to a mapping ');
Insert into EVENTOS_DW_G02.R_STEP_TYPE (ID_STEP_TYPE,CODE,DESCRIPTION,HELPTEXT) values (134,'getXMLData','Get data from XML','Get data from XML file by using XPath.
 This step also allows you to parse XML defined in a previous field.');
Insert into EVENTOS_DW_G02.R_STEP_TYPE (ID_STEP_TYPE,CODE,DESCRIPTION,HELPTEXT) values (135,'LDIFInput','LDIF Input','Read data from LDIF files');
Insert into EVENTOS_DW_G02.R_STEP_TYPE (ID_STEP_TYPE,CODE,DESCRIPTION,HELPTEXT) values (136,'PGBulkLoader','PostgreSQL Bulk Loader','PostgreSQL Bulk Loader');
Insert into EVENTOS_DW_G02.R_STEP_TYPE (ID_STEP_TYPE,CODE,DESCRIPTION,HELPTEXT) values (137,'CubeOutput','Serialize to file','Write rows of data to a data cube');
Insert into EVENTOS_DW_G02.R_STEP_TYPE (ID_STEP_TYPE,CODE,DESCRIPTION,HELPTEXT) values (138,'SymmetricCryptoTrans','Symmetric Cryptography','Encrypt or decrypt a string using symmetric encryption.
Available algorithms are DES, AES, TripleDES.');
Insert into EVENTOS_DW_G02.R_STEP_TYPE (ID_STEP_TYPE,CODE,DESCRIPTION,HELPTEXT) values (139,'AddXML','Add XML','Encode several fields into an XML fragment');
Insert into EVENTOS_DW_G02.R_STEP_TYPE (ID_STEP_TYPE,CODE,DESCRIPTION,HELPTEXT) values (140,'TableInput','Table input','Read information from a database table.');
Insert into EVENTOS_DW_G02.R_STEP_TYPE (ID_STEP_TYPE,CODE,DESCRIPTION,HELPTEXT) values (141,'SASInput','SAS Input','This step reads files in sas7bdat (SAS) native format');
Insert into EVENTOS_DW_G02.R_STEP_TYPE (ID_STEP_TYPE,CODE,DESCRIPTION,HELPTEXT) values (142,'AccessOutput','Microsoft Access Output','Stores records into an MS-Access database table.');
Insert into EVENTOS_DW_G02.R_STEP_TYPE (ID_STEP_TYPE,CODE,DESCRIPTION,HELPTEXT) values (143,'ElasticSearchBulk','ElasticSearch Bulk Insert','Performs bulk inserts into ElasticSearch');
Insert into EVENTOS_DW_G02.R_STEP_TYPE (ID_STEP_TYPE,CODE,DESCRIPTION,HELPTEXT) values (144,'GetFileNames','Get File Names','Get file names from the operating system and send them to the next step.');
Insert into EVENTOS_DW_G02.R_STEP_TYPE (ID_STEP_TYPE,CODE,DESCRIPTION,HELPTEXT) values (145,'StringOperations','String operations','Apply certain operations like trimming, padding and others to string value.');
Insert into EVENTOS_DW_G02.R_STEP_TYPE (ID_STEP_TYPE,CODE,DESCRIPTION,HELPTEXT) values (146,'SetVariable','Set Variables','Set environment variables based on a single input row.');
Insert into EVENTOS_DW_G02.R_STEP_TYPE (ID_STEP_TYPE,CODE,DESCRIPTION,HELPTEXT) values (147,'RandomValue','Generate random value','Generate random value');
Insert into EVENTOS_DW_G02.R_STEP_TYPE (ID_STEP_TYPE,CODE,DESCRIPTION,HELPTEXT) values (148,'GetSessionVariableStep','Get session variables','Get session variables from the current user session.');
Insert into EVENTOS_DW_G02.R_STEP_TYPE (ID_STEP_TYPE,CODE,DESCRIPTION,HELPTEXT) values (149,'FieldSplitter','Split Fields','When you want to split a single field into more then one, use this step type.');
Insert into EVENTOS_DW_G02.R_STEP_TYPE (ID_STEP_TYPE,CODE,DESCRIPTION,HELPTEXT) values (150,'BlockingStep','Blocking Step','This step blocks until all incoming rows have been processed.  Subsequent steps only recieve the last input row to this step.');
Insert into EVENTOS_DW_G02.R_STEP_TYPE (ID_STEP_TYPE,CODE,DESCRIPTION,HELPTEXT) values (151,'CsvInput','CSV file input','Simple CSV file input');
Insert into EVENTOS_DW_G02.R_STEP_TYPE (ID_STEP_TYPE,CODE,DESCRIPTION,HELPTEXT) values (152,'PropertyInput','Property Input','Read data (key, value) from properties files.');
Insert into EVENTOS_DW_G02.R_STEP_TYPE (ID_STEP_TYPE,CODE,DESCRIPTION,HELPTEXT) values (153,'SynchronizeAfterMerge','Synchronize after merge','This step perform insert/update/delete in one go based on the value of a field. ');
Insert into EVENTOS_DW_G02.R_STEP_TYPE (ID_STEP_TYPE,CODE,DESCRIPTION,HELPTEXT) values (154,'Dummy','Dummy (do nothing)','This step type doesn''t do anything.
It''s useful however when testing things or in certain situations where you want to split streams.');
Insert into EVENTOS_DW_G02.R_STEP_TYPE (ID_STEP_TYPE,CODE,DESCRIPTION,HELPTEXT) values (155,'StreamLookup','Stream lookup','Look up values coming from another stream in the transformation.');
Insert into EVENTOS_DW_G02.R_STEP_TYPE (ID_STEP_TYPE,CODE,DESCRIPTION,HELPTEXT) values (156,'PGPEncryptStream','PGP Encrypt stream','Encrypt data stream with PGP');
Insert into EVENTOS_DW_G02.R_STEP_TYPE (ID_STEP_TYPE,CODE,DESCRIPTION,HELPTEXT) values (157,'GetFilesRowsCount','Get Files Rows Count','Returns rows count for text files.');
Insert into EVENTOS_DW_G02.R_STEP_TYPE (ID_STEP_TYPE,CODE,DESCRIPTION,HELPTEXT) values (158,'SetValueField','Set field value','Set value of a field with another value field');
Insert into EVENTOS_DW_G02.R_STEP_TYPE (ID_STEP_TYPE,CODE,DESCRIPTION,HELPTEXT) values (159,'PGPDecryptStream','PGP Decrypt stream','Decrypt data stream with PGP');
Insert into EVENTOS_DW_G02.R_STEP_TYPE (ID_STEP_TYPE,CODE,DESCRIPTION,HELPTEXT) values (160,'Mapping','Mapping (sub-transformation)','Run a mapping (sub-transformation), use MappingInput and MappingOutput to specify the fields interface');
Insert into EVENTOS_DW_G02.R_STEP_TYPE (ID_STEP_TYPE,CODE,DESCRIPTION,HELPTEXT) values (161,'DynamicSQLRow','Dynamic SQL row','Execute dynamic SQL statement build in a previous field');
Insert into EVENTOS_DW_G02.R_STEP_TYPE (ID_STEP_TYPE,CODE,DESCRIPTION,HELPTEXT) values (162,'Update','Update','Update data in a database table based upon keys');
Insert into EVENTOS_DW_G02.R_STEP_TYPE (ID_STEP_TYPE,CODE,DESCRIPTION,HELPTEXT) values (163,'UniqueRowsByHashSet','Unique rows (HashSet)','Remove double rows and leave only unique occurrences by using a HashSet.');
Insert into EVENTOS_DW_G02.R_STEP_TYPE (ID_STEP_TYPE,CODE,DESCRIPTION,HELPTEXT) values (164,'Formula','Formula','Calculate a formula using Pentaho''s libformula');
Insert into EVENTOS_DW_G02.R_STEP_TYPE (ID_STEP_TYPE,CODE,DESCRIPTION,HELPTEXT) values (165,'WebServiceAvailable','Check if webservice is available','Check if a webservice is available');
Insert into EVENTOS_DW_G02.R_STEP_TYPE (ID_STEP_TYPE,CODE,DESCRIPTION,HELPTEXT) values (166,'HBaseRowDecoder','HBase Row Decoder','Decodes an incoming key and HBase result object according to a mapping ');
Insert into EVENTOS_DW_G02.R_STEP_TYPE (ID_STEP_TYPE,CODE,DESCRIPTION,HELPTEXT) values (167,'ExecProcess','Execute a process','Execute a process and return the result');
Insert into EVENTOS_DW_G02.R_STEP_TYPE (ID_STEP_TYPE,CODE,DESCRIPTION,HELPTEXT) values (168,'Injector','Injector','Injector step to allow to inject rows into the transformation through the java API');
Insert into EVENTOS_DW_G02.R_STEP_TYPE (ID_STEP_TYPE,CODE,DESCRIPTION,HELPTEXT) values (169,'SampleRows','Sample rows','Filter rows based on the line number.');
Insert into EVENTOS_DW_G02.R_STEP_TYPE (ID_STEP_TYPE,CODE,DESCRIPTION,HELPTEXT) values (170,'DummyStep','Example Step','This is a plugin example step');
Insert into EVENTOS_DW_G02.R_STEP_TYPE (ID_STEP_TYPE,CODE,DESCRIPTION,HELPTEXT) values (171,'GetSlaveSequence','Get ID from slave server','Retrieves unique IDs in blocks from a slave server.  The referenced sequence needs to be configured on the slave server in the XML configuration file.');
Insert into EVENTOS_DW_G02.R_STEP_TYPE (ID_STEP_TYPE,CODE,DESCRIPTION,HELPTEXT) values (172,'FileExists','File exists','Check if a file exists');
Insert into EVENTOS_DW_G02.R_STEP_TYPE (ID_STEP_TYPE,CODE,DESCRIPTION,HELPTEXT) values (173,'MappingOutput','Mapping output specification','Specify the output interface of a mapping');
Insert into EVENTOS_DW_G02.R_STEP_TYPE (ID_STEP_TYPE,CODE,DESCRIPTION,HELPTEXT) values (174,'Script','Script','Calculate values by scripting in Ruby, Python, Groovy, JavaScript, ... (JSR-223)');
Insert into EVENTOS_DW_G02.R_STEP_TYPE (ID_STEP_TYPE,CODE,DESCRIPTION,HELPTEXT) values (175,'GroupBy','Group by','Builds aggregates in a group by fashion.
This works only on a sorted input.
If the input is not sorted, only double consecutive rows are handled correctly.');
Insert into EVENTOS_DW_G02.R_STEP_TYPE (ID_STEP_TYPE,CODE,DESCRIPTION,HELPTEXT) values (176,'GetRepositoryNames','Get repository names','Lists detailed information about transformations and/or jobs in a repository');
Insert into EVENTOS_DW_G02.R_STEP_TYPE (ID_STEP_TYPE,CODE,DESCRIPTION,HELPTEXT) values (177,'MongoDbInput','MongoDB Input','Reads from a Mongo DB collection');
Insert into EVENTOS_DW_G02.R_STEP_TYPE (ID_STEP_TYPE,CODE,DESCRIPTION,HELPTEXT) values (178,'PaloCellOutput','Palo Cell Output','Writes data to a defined Palo Cube');
Insert into EVENTOS_DW_G02.R_STEP_TYPE (ID_STEP_TYPE,CODE,DESCRIPTION,HELPTEXT) values (179,'ClosureGenerator','Closure Generator','This step allows you to generates a closure table using parent-child relationships.');
Insert into EVENTOS_DW_G02.R_STEP_TYPE (ID_STEP_TYPE,CODE,DESCRIPTION,HELPTEXT) values (180,'Sequence','Add sequence','Get the next value from an sequence');
Insert into EVENTOS_DW_G02.R_STEP_TYPE (ID_STEP_TYPE,CODE,DESCRIPTION,HELPTEXT) values (181,'FilterRows','Filter rows','Filter rows using simple equations');
Insert into EVENTOS_DW_G02.R_STEP_TYPE (ID_STEP_TYPE,CODE,DESCRIPTION,HELPTEXT) values (182,'VectorWiseBulkLoader','Ingres VectorWise Bulk Loader','This step interfaces with the Ingres VectorWise Bulk Loader "COPY TABLE" command.');
Insert into EVENTOS_DW_G02.R_STEP_TYPE (ID_STEP_TYPE,CODE,DESCRIPTION,HELPTEXT) values (183,'ConcatFields','Concat Fields','Concat fields together into a new field (similar to the Text File Output step)');
Insert into EVENTOS_DW_G02.R_STEP_TYPE (ID_STEP_TYPE,CODE,DESCRIPTION,HELPTEXT) values (184,'TypeExitExcelWriterStep','Microsoft Excel Writer','Writes or appends data to an Excel file');
Insert into EVENTOS_DW_G02.R_STEP_TYPE (ID_STEP_TYPE,CODE,DESCRIPTION,HELPTEXT) values (185,'OldTextFileInput','Old Text file input','Read data from a text file in several formats.
This data can then be passed on to the next step(s)...');
Insert into EVENTOS_DW_G02.R_STEP_TYPE (ID_STEP_TYPE,CODE,DESCRIPTION,HELPTEXT) values (186,'AnalyticQuery','Analytic Query','Execute analytic queries over a sorted dataset (LEAD/LAG/FIRST/LAST)');
Insert into EVENTOS_DW_G02.R_STEP_TYPE (ID_STEP_TYPE,CODE,DESCRIPTION,HELPTEXT) values (187,'FixedInput','Fixed file input','Fixed file input');
Insert into EVENTOS_DW_G02.R_STEP_TYPE (ID_STEP_TYPE,CODE,DESCRIPTION,HELPTEXT) values (188,'PrioritizeStreams','Prioritize streams','Prioritize streams in an order way.');
Insert into EVENTOS_DW_G02.R_STEP_TYPE (ID_STEP_TYPE,CODE,DESCRIPTION,HELPTEXT) values (189,'CassandraOutput','Cassandra Output','Writes to a Cassandra table');
Insert into EVENTOS_DW_G02.R_STEP_TYPE (ID_STEP_TYPE,CODE,DESCRIPTION,HELPTEXT) values (190,'ValueMapper','Value Mapper','Maps values of a certain field from one value to another');
Insert into EVENTOS_DW_G02.R_STEP_TYPE (ID_STEP_TYPE,CODE,DESCRIPTION,HELPTEXT) values (191,'Constant','Add constants','Add one or more constants to the input rows');
Insert into EVENTOS_DW_G02.R_STEP_TYPE (ID_STEP_TYPE,CODE,DESCRIPTION,HELPTEXT) values (192,'ExecSQLRow','Execute row SQL script','Execute SQL script extracted from a field
created in a previous step.');
Insert into EVENTOS_DW_G02.R_STEP_TYPE (ID_STEP_TYPE,CODE,DESCRIPTION,HELPTEXT) values (193,'JavaFilter','Java Filter','Filter rows using java code');
Insert into EVENTOS_DW_G02.R_STEP_TYPE (ID_STEP_TYPE,CODE,DESCRIPTION,HELPTEXT) values (194,'XMLOutput','XML Output','Write data to an XML file');
Insert into EVENTOS_DW_G02.R_STEP_TYPE (ID_STEP_TYPE,CODE,DESCRIPTION,HELPTEXT) values (195,'ReservoirSampling','Reservoir Sampling','[Transform] Samples a fixed number of rows from the incoming stream');
Insert into EVENTOS_DW_G02.R_STEP_TYPE (ID_STEP_TYPE,CODE,DESCRIPTION,HELPTEXT) values (196,'RowsToResult','Copy rows to result','Use this step to write rows to the executing job.
The information will then be passed to the next entry in this job.');
Insert into EVENTOS_DW_G02.R_STEP_TYPE (ID_STEP_TYPE,CODE,DESCRIPTION,HELPTEXT) values (197,'SalesforceUpsert','Salesforce Upsert','Insert or update records in Salesforce module.');
Insert into EVENTOS_DW_G02.R_STEP_TYPE (ID_STEP_TYPE,CODE,DESCRIPTION,HELPTEXT) values (198,'ExecSQL','Execute SQL script','Execute an SQL script, optionally parameterized using input rows');
Insert into EVENTOS_DW_G02.R_STEP_TYPE (ID_STEP_TYPE,CODE,DESCRIPTION,HELPTEXT) values (199,'MonetDBAgileMart','MonetDB Agile Mart','Load data into MonetDB for Agile BI use cases');
Insert into EVENTOS_DW_G02.R_STEP_TYPE (ID_STEP_TYPE,CODE,DESCRIPTION,HELPTEXT) values (200,'Rest','REST Client','Consume RESTfull services.
REpresentational State Transfer (REST) is a key design idiom that embraces a stateless client-server
architecture in which the web services are viewed as resources and can be identified by their URLs');
Insert into EVENTOS_DW_G02.R_STEP_TYPE (ID_STEP_TYPE,CODE,DESCRIPTION,HELPTEXT) values (201,'LucidDBStreamingLoader','LucidDB Streaming Loader','Load data into LucidDB by using Remote Rows UDX.');
Insert into EVENTOS_DW_G02.R_STEP_TYPE (ID_STEP_TYPE,CODE,DESCRIPTION,HELPTEXT) values (202,'TransExecutor','Transformation Executor','This step executes a Pentaho Data Integration transformation, sets parameters and passes rows.');
Insert into EVENTOS_DW_G02.R_STEP_TYPE (ID_STEP_TYPE,CODE,DESCRIPTION,HELPTEXT) values (203,'Calculator','Calculator','Create new fields by performing simple calculations');
Insert into EVENTOS_DW_G02.R_STEP_TYPE (ID_STEP_TYPE,CODE,DESCRIPTION,HELPTEXT) values (204,'StepMetastructure','Metadata structure of stream','This is a step to read the metadata of the incoming stream.');
Insert into EVENTOS_DW_G02.R_STEP_TYPE (ID_STEP_TYPE,CODE,DESCRIPTION,HELPTEXT) values (205,'SplitFieldToRows3','Split field to rows','Splits a single string field by delimiter and creates a new row for each split term');
Insert into EVENTOS_DW_G02.R_STEP_TYPE (ID_STEP_TYPE,CODE,DESCRIPTION,HELPTEXT) values (206,'FilesFromResult','Get files from result','This step allows you to read filenames used or generated in a previous entry in a job.');
Insert into EVENTOS_DW_G02.R_STEP_TYPE (ID_STEP_TYPE,CODE,DESCRIPTION,HELPTEXT) values (207,'YamlInput','Yaml Input ','Read YAML source (file or stream) parse them and convert them to rows and writes these to one or more output. ');
Insert into EVENTOS_DW_G02.R_STEP_TYPE (ID_STEP_TYPE,CODE,DESCRIPTION,HELPTEXT) values (208,'UnivariateStats','Univariate Statistics','This step computes some simple stats based on a single input field');
Insert into EVENTOS_DW_G02.R_STEP_TYPE (ID_STEP_TYPE,CODE,DESCRIPTION,HELPTEXT) values (209,'SSH','Run SSH commands','Run SSH commands and returns result.');
Insert into EVENTOS_DW_G02.R_STEP_TYPE (ID_STEP_TYPE,CODE,DESCRIPTION,HELPTEXT) values (210,'MailInput','Email messages input','Read POP3/IMAP server and retrieve messages');
Insert into EVENTOS_DW_G02.R_STEP_TYPE (ID_STEP_TYPE,CODE,DESCRIPTION,HELPTEXT) values (211,'XSLT','XSL Transformation','Make an XSL Transformation');
Insert into EVENTOS_DW_G02.R_STEP_TYPE (ID_STEP_TYPE,CODE,DESCRIPTION,HELPTEXT) values (212,'CloneRow','Clone row','Clone a row as many times as needed');
Insert into EVENTOS_DW_G02.R_STEP_TYPE (ID_STEP_TYPE,CODE,DESCRIPTION,HELPTEXT) values (213,'MetaInject','ETL Metadata Injection','Does stuff');
Insert into EVENTOS_DW_G02.R_STEP_TYPE (ID_STEP_TYPE,CODE,DESCRIPTION,HELPTEXT) values (214,'HTTPPOST','HTTP Post','Call a web service request over HTTP by supplying a base URL by allowing parameters to be set dynamically');
Insert into EVENTOS_DW_G02.R_STEP_TYPE (ID_STEP_TYPE,CODE,DESCRIPTION,HELPTEXT) values (215,'TableAgileMart','Table Agile Mart','Load data into a table for Agile BI use cases');
Insert into EVENTOS_DW_G02.R_STEP_TYPE (ID_STEP_TYPE,CODE,DESCRIPTION,HELPTEXT) values (216,'GetSubFolders','Get SubFolder names','Read a parent folder and return all subfolders');
Insert into EVENTOS_DW_G02.R_STEP_TYPE (ID_STEP_TYPE,CODE,DESCRIPTION,HELPTEXT) values (217,'CreditCardValidator','Credit card validator','The Credit card validator step will help you tell:
(1) if a credit card number is valid (uses LUHN10 (MOD-10) algorithm)
(2) which credit card vendor handles that number
(VISA, MasterCard, Diners Club, EnRoute, American Express (AMEX),...)');
Insert into EVENTOS_DW_G02.R_STEP_TYPE (ID_STEP_TYPE,CODE,DESCRIPTION,HELPTEXT) values (218,'NumberRange','Number range','Create ranges based on numeric field');
Insert into EVENTOS_DW_G02.R_STEP_TYPE (ID_STEP_TYPE,CODE,DESCRIPTION,HELPTEXT) values (219,'Mail','Mail','Send eMail.');
Insert into EVENTOS_DW_G02.R_STEP_TYPE (ID_STEP_TYPE,CODE,DESCRIPTION,HELPTEXT) values (220,'MonetDBBulkLoader','MonetDB Bulk Loader','Load data into MonetDB by using their bulk load command in streaming mode.');
Insert into EVENTOS_DW_G02.R_STEP_TYPE (ID_STEP_TYPE,CODE,DESCRIPTION,HELPTEXT) values (221,'SecretKeyGenerator','Secret key generator','Generate secret key for algorithms such as DES, AES, TripleDES.');
Insert into EVENTOS_DW_G02.R_STEP_TYPE (ID_STEP_TYPE,CODE,DESCRIPTION,HELPTEXT) values (222,'PentahoReportingOutput','Pentaho Reporting Output','Executes an existing report (PRPT)');
REM INSERTING into EVENTOS_DW_G02.R_TRANSFORMATION
SET DEFINE OFF;
Insert into EVENTOS_DW_G02.R_TRANSFORMATION (ID_TRANSFORMATION,ID_DIRECTORY,NAME,TRANS_VERSION,TRANS_STATUS,ID_STEP_READ,ID_STEP_WRITE,ID_STEP_INPUT,ID_STEP_OUTPUT,ID_STEP_UPDATE,ID_DATABASE_LOG,TABLE_NAME_LOG,USE_BATCHID,USE_LOGFIELD,ID_DATABASE_MAXDATE,TABLE_NAME_MAXDATE,FIELD_NAME_MAXDATE,OFFSET_MAXDATE,DIFF_MAXDATE,CREATED_USER,CREATED_DATE,MODIFIED_USER,MODIFIED_DATE,SIZE_ROWSET) values (1,0,'DIM_VISITANTE',null,0,null,null,null,null,null,-1,null,'1','1',-1,null,null,0,0,'-',to_date('07-MAY-17','DD-MON-RR'),'admin',to_date('07-MAY-17','DD-MON-RR'),10000);
REM INSERTING into EVENTOS_DW_G02.R_TRANS_ATTRIBUTE
SET DEFINE OFF;
Insert into EVENTOS_DW_G02.R_TRANS_ATTRIBUTE (ID_TRANS_ATTRIBUTE,ID_TRANSFORMATION,NR,CODE,VALUE_NUM) values (1,1,0,'UNIQUE_CONNECTIONS',0);
Insert into EVENTOS_DW_G02.R_TRANS_ATTRIBUTE (ID_TRANS_ATTRIBUTE,ID_TRANSFORMATION,NR,CODE,VALUE_NUM) values (2,1,0,'FEEDBACK_SHOWN',0);
Insert into EVENTOS_DW_G02.R_TRANS_ATTRIBUTE (ID_TRANS_ATTRIBUTE,ID_TRANSFORMATION,NR,CODE,VALUE_NUM) values (3,1,0,'FEEDBACK_SIZE',50000);
Insert into EVENTOS_DW_G02.R_TRANS_ATTRIBUTE (ID_TRANS_ATTRIBUTE,ID_TRANSFORMATION,NR,CODE,VALUE_NUM) values (4,1,0,'USING_THREAD_PRIORITIES',0);
Insert into EVENTOS_DW_G02.R_TRANS_ATTRIBUTE (ID_TRANS_ATTRIBUTE,ID_TRANSFORMATION,NR,CODE,VALUE_NUM) values (5,1,0,'SHARED_FILE',0);
Insert into EVENTOS_DW_G02.R_TRANS_ATTRIBUTE (ID_TRANS_ATTRIBUTE,ID_TRANSFORMATION,NR,CODE,VALUE_NUM) values (6,1,0,'CAPTURE_STEP_PERFORMANCE',0);
Insert into EVENTOS_DW_G02.R_TRANS_ATTRIBUTE (ID_TRANS_ATTRIBUTE,ID_TRANSFORMATION,NR,CODE,VALUE_NUM) values (7,1,0,'STEP_PERFORMANCE_CAPTURING_DELAY',1000);
Insert into EVENTOS_DW_G02.R_TRANS_ATTRIBUTE (ID_TRANS_ATTRIBUTE,ID_TRANSFORMATION,NR,CODE,VALUE_NUM) values (8,1,0,'STEP_PERFORMANCE_CAPTURING_SIZE_LIMIT',0);
Insert into EVENTOS_DW_G02.R_TRANS_ATTRIBUTE (ID_TRANS_ATTRIBUTE,ID_TRANSFORMATION,NR,CODE,VALUE_NUM) values (9,1,0,'STEP_PERFORMANCE_LOG_TABLE',0);
Insert into EVENTOS_DW_G02.R_TRANS_ATTRIBUTE (ID_TRANS_ATTRIBUTE,ID_TRANSFORMATION,NR,CODE,VALUE_NUM) values (10,1,0,'LOG_SIZE_LIMIT',0);
Insert into EVENTOS_DW_G02.R_TRANS_ATTRIBUTE (ID_TRANS_ATTRIBUTE,ID_TRANSFORMATION,NR,CODE,VALUE_NUM) values (11,1,0,'LOG_INTERVAL',0);
Insert into EVENTOS_DW_G02.R_TRANS_ATTRIBUTE (ID_TRANS_ATTRIBUTE,ID_TRANSFORMATION,NR,CODE,VALUE_NUM) values (12,1,0,'TRANSFORMATION_TYPE',0);
Insert into EVENTOS_DW_G02.R_TRANS_ATTRIBUTE (ID_TRANS_ATTRIBUTE,ID_TRANSFORMATION,NR,CODE,VALUE_NUM) values (13,1,0,'SLEEP_TIME_EMPTY',50);
Insert into EVENTOS_DW_G02.R_TRANS_ATTRIBUTE (ID_TRANS_ATTRIBUTE,ID_TRANSFORMATION,NR,CODE,VALUE_NUM) values (14,1,0,'SLEEP_TIME_FULL',50);
Insert into EVENTOS_DW_G02.R_TRANS_ATTRIBUTE (ID_TRANS_ATTRIBUTE,ID_TRANSFORMATION,NR,CODE,VALUE_NUM) values (15,1,0,'TRANS_LOG_TABLE_CONNECTION_NAME',0);
Insert into EVENTOS_DW_G02.R_TRANS_ATTRIBUTE (ID_TRANS_ATTRIBUTE,ID_TRANSFORMATION,NR,CODE,VALUE_NUM) values (16,1,0,'TRANS_LOG_TABLE_SCHEMA_NAME',0);
Insert into EVENTOS_DW_G02.R_TRANS_ATTRIBUTE (ID_TRANS_ATTRIBUTE,ID_TRANSFORMATION,NR,CODE,VALUE_NUM) values (17,1,0,'TRANS_LOG_TABLE_TABLE_NAME',0);
Insert into EVENTOS_DW_G02.R_TRANS_ATTRIBUTE (ID_TRANS_ATTRIBUTE,ID_TRANSFORMATION,NR,CODE,VALUE_NUM) values (18,1,0,'TRANS_LOG_TABLE_TIMEOUT_IN_DAYS',0);
Insert into EVENTOS_DW_G02.R_TRANS_ATTRIBUTE (ID_TRANS_ATTRIBUTE,ID_TRANSFORMATION,NR,CODE,VALUE_NUM) values (19,1,0,'TRANS_LOG_TABLE_FIELD_ID0',0);
Insert into EVENTOS_DW_G02.R_TRANS_ATTRIBUTE (ID_TRANS_ATTRIBUTE,ID_TRANSFORMATION,NR,CODE,VALUE_NUM) values (20,1,0,'TRANS_LOG_TABLE_FIELD_NAME0',0);
Insert into EVENTOS_DW_G02.R_TRANS_ATTRIBUTE (ID_TRANS_ATTRIBUTE,ID_TRANSFORMATION,NR,CODE,VALUE_NUM) values (21,1,0,'TRANS_LOG_TABLE_FIELD_ENABLED0',0);
Insert into EVENTOS_DW_G02.R_TRANS_ATTRIBUTE (ID_TRANS_ATTRIBUTE,ID_TRANSFORMATION,NR,CODE,VALUE_NUM) values (22,1,0,'TRANS_LOG_TABLE_FIELD_ID1',0);
Insert into EVENTOS_DW_G02.R_TRANS_ATTRIBUTE (ID_TRANS_ATTRIBUTE,ID_TRANSFORMATION,NR,CODE,VALUE_NUM) values (23,1,0,'TRANS_LOG_TABLE_FIELD_NAME1',0);
Insert into EVENTOS_DW_G02.R_TRANS_ATTRIBUTE (ID_TRANS_ATTRIBUTE,ID_TRANSFORMATION,NR,CODE,VALUE_NUM) values (24,1,0,'TRANS_LOG_TABLE_FIELD_ENABLED1',0);
Insert into EVENTOS_DW_G02.R_TRANS_ATTRIBUTE (ID_TRANS_ATTRIBUTE,ID_TRANSFORMATION,NR,CODE,VALUE_NUM) values (25,1,0,'TRANS_LOG_TABLE_FIELD_ID2',0);
Insert into EVENTOS_DW_G02.R_TRANS_ATTRIBUTE (ID_TRANS_ATTRIBUTE,ID_TRANSFORMATION,NR,CODE,VALUE_NUM) values (26,1,0,'TRANS_LOG_TABLE_FIELD_NAME2',0);
Insert into EVENTOS_DW_G02.R_TRANS_ATTRIBUTE (ID_TRANS_ATTRIBUTE,ID_TRANSFORMATION,NR,CODE,VALUE_NUM) values (27,1,0,'TRANS_LOG_TABLE_FIELD_ENABLED2',0);
Insert into EVENTOS_DW_G02.R_TRANS_ATTRIBUTE (ID_TRANS_ATTRIBUTE,ID_TRANSFORMATION,NR,CODE,VALUE_NUM) values (28,1,0,'TRANS_LOG_TABLE_FIELD_ID3',0);
Insert into EVENTOS_DW_G02.R_TRANS_ATTRIBUTE (ID_TRANS_ATTRIBUTE,ID_TRANSFORMATION,NR,CODE,VALUE_NUM) values (29,1,0,'TRANS_LOG_TABLE_FIELD_NAME3',0);
Insert into EVENTOS_DW_G02.R_TRANS_ATTRIBUTE (ID_TRANS_ATTRIBUTE,ID_TRANSFORMATION,NR,CODE,VALUE_NUM) values (30,1,0,'TRANS_LOG_TABLE_FIELD_ENABLED3',0);
Insert into EVENTOS_DW_G02.R_TRANS_ATTRIBUTE (ID_TRANS_ATTRIBUTE,ID_TRANSFORMATION,NR,CODE,VALUE_NUM) values (31,1,0,'TRANS_LOG_TABLE_FIELD_ID4',0);
Insert into EVENTOS_DW_G02.R_TRANS_ATTRIBUTE (ID_TRANS_ATTRIBUTE,ID_TRANSFORMATION,NR,CODE,VALUE_NUM) values (32,1,0,'TRANS_LOG_TABLE_FIELD_NAME4',0);
Insert into EVENTOS_DW_G02.R_TRANS_ATTRIBUTE (ID_TRANS_ATTRIBUTE,ID_TRANSFORMATION,NR,CODE,VALUE_NUM) values (33,1,0,'TRANS_LOG_TABLE_FIELD_ENABLED4',0);
Insert into EVENTOS_DW_G02.R_TRANS_ATTRIBUTE (ID_TRANS_ATTRIBUTE,ID_TRANSFORMATION,NR,CODE,VALUE_NUM) values (34,1,0,'TRANS_LOG_TABLE_FIELD_SUBJECT4',0);
Insert into EVENTOS_DW_G02.R_TRANS_ATTRIBUTE (ID_TRANS_ATTRIBUTE,ID_TRANSFORMATION,NR,CODE,VALUE_NUM) values (35,1,0,'TRANS_LOG_TABLE_FIELD_ID5',0);
Insert into EVENTOS_DW_G02.R_TRANS_ATTRIBUTE (ID_TRANS_ATTRIBUTE,ID_TRANSFORMATION,NR,CODE,VALUE_NUM) values (36,1,0,'TRANS_LOG_TABLE_FIELD_NAME5',0);
Insert into EVENTOS_DW_G02.R_TRANS_ATTRIBUTE (ID_TRANS_ATTRIBUTE,ID_TRANSFORMATION,NR,CODE,VALUE_NUM) values (37,1,0,'TRANS_LOG_TABLE_FIELD_ENABLED5',0);
Insert into EVENTOS_DW_G02.R_TRANS_ATTRIBUTE (ID_TRANS_ATTRIBUTE,ID_TRANSFORMATION,NR,CODE,VALUE_NUM) values (38,1,0,'TRANS_LOG_TABLE_FIELD_SUBJECT5',0);
Insert into EVENTOS_DW_G02.R_TRANS_ATTRIBUTE (ID_TRANS_ATTRIBUTE,ID_TRANSFORMATION,NR,CODE,VALUE_NUM) values (39,1,0,'TRANS_LOG_TABLE_FIELD_ID6',0);
Insert into EVENTOS_DW_G02.R_TRANS_ATTRIBUTE (ID_TRANS_ATTRIBUTE,ID_TRANSFORMATION,NR,CODE,VALUE_NUM) values (40,1,0,'TRANS_LOG_TABLE_FIELD_NAME6',0);
Insert into EVENTOS_DW_G02.R_TRANS_ATTRIBUTE (ID_TRANS_ATTRIBUTE,ID_TRANSFORMATION,NR,CODE,VALUE_NUM) values (41,1,0,'TRANS_LOG_TABLE_FIELD_ENABLED6',0);
Insert into EVENTOS_DW_G02.R_TRANS_ATTRIBUTE (ID_TRANS_ATTRIBUTE,ID_TRANSFORMATION,NR,CODE,VALUE_NUM) values (42,1,0,'TRANS_LOG_TABLE_FIELD_SUBJECT6',0);
Insert into EVENTOS_DW_G02.R_TRANS_ATTRIBUTE (ID_TRANS_ATTRIBUTE,ID_TRANSFORMATION,NR,CODE,VALUE_NUM) values (43,1,0,'TRANS_LOG_TABLE_FIELD_ID7',0);
Insert into EVENTOS_DW_G02.R_TRANS_ATTRIBUTE (ID_TRANS_ATTRIBUTE,ID_TRANSFORMATION,NR,CODE,VALUE_NUM) values (44,1,0,'TRANS_LOG_TABLE_FIELD_NAME7',0);
Insert into EVENTOS_DW_G02.R_TRANS_ATTRIBUTE (ID_TRANS_ATTRIBUTE,ID_TRANSFORMATION,NR,CODE,VALUE_NUM) values (45,1,0,'TRANS_LOG_TABLE_FIELD_ENABLED7',0);
Insert into EVENTOS_DW_G02.R_TRANS_ATTRIBUTE (ID_TRANS_ATTRIBUTE,ID_TRANSFORMATION,NR,CODE,VALUE_NUM) values (46,1,0,'TRANS_LOG_TABLE_FIELD_SUBJECT7',0);
Insert into EVENTOS_DW_G02.R_TRANS_ATTRIBUTE (ID_TRANS_ATTRIBUTE,ID_TRANSFORMATION,NR,CODE,VALUE_NUM) values (47,1,0,'TRANS_LOG_TABLE_FIELD_ID8',0);
Insert into EVENTOS_DW_G02.R_TRANS_ATTRIBUTE (ID_TRANS_ATTRIBUTE,ID_TRANSFORMATION,NR,CODE,VALUE_NUM) values (48,1,0,'TRANS_LOG_TABLE_FIELD_NAME8',0);
Insert into EVENTOS_DW_G02.R_TRANS_ATTRIBUTE (ID_TRANS_ATTRIBUTE,ID_TRANSFORMATION,NR,CODE,VALUE_NUM) values (49,1,0,'TRANS_LOG_TABLE_FIELD_ENABLED8',0);
Insert into EVENTOS_DW_G02.R_TRANS_ATTRIBUTE (ID_TRANS_ATTRIBUTE,ID_TRANSFORMATION,NR,CODE,VALUE_NUM) values (50,1,0,'TRANS_LOG_TABLE_FIELD_SUBJECT8',0);
Insert into EVENTOS_DW_G02.R_TRANS_ATTRIBUTE (ID_TRANS_ATTRIBUTE,ID_TRANSFORMATION,NR,CODE,VALUE_NUM) values (51,1,0,'TRANS_LOG_TABLE_FIELD_ID9',0);
Insert into EVENTOS_DW_G02.R_TRANS_ATTRIBUTE (ID_TRANS_ATTRIBUTE,ID_TRANSFORMATION,NR,CODE,VALUE_NUM) values (52,1,0,'TRANS_LOG_TABLE_FIELD_NAME9',0);
Insert into EVENTOS_DW_G02.R_TRANS_ATTRIBUTE (ID_TRANS_ATTRIBUTE,ID_TRANSFORMATION,NR,CODE,VALUE_NUM) values (53,1,0,'TRANS_LOG_TABLE_FIELD_ENABLED9',0);
Insert into EVENTOS_DW_G02.R_TRANS_ATTRIBUTE (ID_TRANS_ATTRIBUTE,ID_TRANSFORMATION,NR,CODE,VALUE_NUM) values (54,1,0,'TRANS_LOG_TABLE_FIELD_SUBJECT9',0);
Insert into EVENTOS_DW_G02.R_TRANS_ATTRIBUTE (ID_TRANS_ATTRIBUTE,ID_TRANSFORMATION,NR,CODE,VALUE_NUM) values (55,1,0,'TRANS_LOG_TABLE_FIELD_ID10',0);
Insert into EVENTOS_DW_G02.R_TRANS_ATTRIBUTE (ID_TRANS_ATTRIBUTE,ID_TRANSFORMATION,NR,CODE,VALUE_NUM) values (56,1,0,'TRANS_LOG_TABLE_FIELD_NAME10',0);
Insert into EVENTOS_DW_G02.R_TRANS_ATTRIBUTE (ID_TRANS_ATTRIBUTE,ID_TRANSFORMATION,NR,CODE,VALUE_NUM) values (57,1,0,'TRANS_LOG_TABLE_FIELD_ENABLED10',0);
Insert into EVENTOS_DW_G02.R_TRANS_ATTRIBUTE (ID_TRANS_ATTRIBUTE,ID_TRANSFORMATION,NR,CODE,VALUE_NUM) values (58,1,0,'TRANS_LOG_TABLE_FIELD_ID11',0);
Insert into EVENTOS_DW_G02.R_TRANS_ATTRIBUTE (ID_TRANS_ATTRIBUTE,ID_TRANSFORMATION,NR,CODE,VALUE_NUM) values (59,1,0,'TRANS_LOG_TABLE_FIELD_NAME11',0);
Insert into EVENTOS_DW_G02.R_TRANS_ATTRIBUTE (ID_TRANS_ATTRIBUTE,ID_TRANSFORMATION,NR,CODE,VALUE_NUM) values (60,1,0,'TRANS_LOG_TABLE_FIELD_ENABLED11',0);
Insert into EVENTOS_DW_G02.R_TRANS_ATTRIBUTE (ID_TRANS_ATTRIBUTE,ID_TRANSFORMATION,NR,CODE,VALUE_NUM) values (61,1,0,'TRANS_LOG_TABLE_FIELD_ID12',0);
Insert into EVENTOS_DW_G02.R_TRANS_ATTRIBUTE (ID_TRANS_ATTRIBUTE,ID_TRANSFORMATION,NR,CODE,VALUE_NUM) values (62,1,0,'TRANS_LOG_TABLE_FIELD_NAME12',0);
Insert into EVENTOS_DW_G02.R_TRANS_ATTRIBUTE (ID_TRANS_ATTRIBUTE,ID_TRANSFORMATION,NR,CODE,VALUE_NUM) values (63,1,0,'TRANS_LOG_TABLE_FIELD_ENABLED12',0);
Insert into EVENTOS_DW_G02.R_TRANS_ATTRIBUTE (ID_TRANS_ATTRIBUTE,ID_TRANSFORMATION,NR,CODE,VALUE_NUM) values (64,1,0,'TRANS_LOG_TABLE_FIELD_ID13',0);
Insert into EVENTOS_DW_G02.R_TRANS_ATTRIBUTE (ID_TRANS_ATTRIBUTE,ID_TRANSFORMATION,NR,CODE,VALUE_NUM) values (65,1,0,'TRANS_LOG_TABLE_FIELD_NAME13',0);
Insert into EVENTOS_DW_G02.R_TRANS_ATTRIBUTE (ID_TRANS_ATTRIBUTE,ID_TRANSFORMATION,NR,CODE,VALUE_NUM) values (66,1,0,'TRANS_LOG_TABLE_FIELD_ENABLED13',0);
Insert into EVENTOS_DW_G02.R_TRANS_ATTRIBUTE (ID_TRANS_ATTRIBUTE,ID_TRANSFORMATION,NR,CODE,VALUE_NUM) values (67,1,0,'TRANS_LOG_TABLE_FIELD_ID14',0);
Insert into EVENTOS_DW_G02.R_TRANS_ATTRIBUTE (ID_TRANS_ATTRIBUTE,ID_TRANSFORMATION,NR,CODE,VALUE_NUM) values (68,1,0,'TRANS_LOG_TABLE_FIELD_NAME14',0);
Insert into EVENTOS_DW_G02.R_TRANS_ATTRIBUTE (ID_TRANS_ATTRIBUTE,ID_TRANSFORMATION,NR,CODE,VALUE_NUM) values (69,1,0,'TRANS_LOG_TABLE_FIELD_ENABLED14',0);
Insert into EVENTOS_DW_G02.R_TRANS_ATTRIBUTE (ID_TRANS_ATTRIBUTE,ID_TRANSFORMATION,NR,CODE,VALUE_NUM) values (70,1,0,'TRANS_LOG_TABLE_FIELD_ID15',0);
Insert into EVENTOS_DW_G02.R_TRANS_ATTRIBUTE (ID_TRANS_ATTRIBUTE,ID_TRANSFORMATION,NR,CODE,VALUE_NUM) values (71,1,0,'TRANS_LOG_TABLE_FIELD_NAME15',0);
Insert into EVENTOS_DW_G02.R_TRANS_ATTRIBUTE (ID_TRANS_ATTRIBUTE,ID_TRANSFORMATION,NR,CODE,VALUE_NUM) values (72,1,0,'TRANS_LOG_TABLE_FIELD_ENABLED15',0);
Insert into EVENTOS_DW_G02.R_TRANS_ATTRIBUTE (ID_TRANS_ATTRIBUTE,ID_TRANSFORMATION,NR,CODE,VALUE_NUM) values (73,1,0,'TRANS_LOG_TABLE_FIELD_ID16',0);
Insert into EVENTOS_DW_G02.R_TRANS_ATTRIBUTE (ID_TRANS_ATTRIBUTE,ID_TRANSFORMATION,NR,CODE,VALUE_NUM) values (74,1,0,'TRANS_LOG_TABLE_FIELD_NAME16',0);
Insert into EVENTOS_DW_G02.R_TRANS_ATTRIBUTE (ID_TRANS_ATTRIBUTE,ID_TRANSFORMATION,NR,CODE,VALUE_NUM) values (75,1,0,'TRANS_LOG_TABLE_FIELD_ENABLED16',0);
Insert into EVENTOS_DW_G02.R_TRANS_ATTRIBUTE (ID_TRANS_ATTRIBUTE,ID_TRANSFORMATION,NR,CODE,VALUE_NUM) values (76,1,0,'TRANS_LOG_TABLE_FIELD_ID17',0);
Insert into EVENTOS_DW_G02.R_TRANS_ATTRIBUTE (ID_TRANS_ATTRIBUTE,ID_TRANSFORMATION,NR,CODE,VALUE_NUM) values (77,1,0,'TRANS_LOG_TABLE_FIELD_NAME17',0);
Insert into EVENTOS_DW_G02.R_TRANS_ATTRIBUTE (ID_TRANS_ATTRIBUTE,ID_TRANSFORMATION,NR,CODE,VALUE_NUM) values (78,1,0,'TRANS_LOG_TABLE_FIELD_ENABLED17',0);
Insert into EVENTOS_DW_G02.R_TRANS_ATTRIBUTE (ID_TRANS_ATTRIBUTE,ID_TRANSFORMATION,NR,CODE,VALUE_NUM) values (79,1,0,'TRANS_LOG_TABLE_FIELD_ID18',0);
Insert into EVENTOS_DW_G02.R_TRANS_ATTRIBUTE (ID_TRANS_ATTRIBUTE,ID_TRANSFORMATION,NR,CODE,VALUE_NUM) values (80,1,0,'TRANS_LOG_TABLE_FIELD_NAME18',0);
Insert into EVENTOS_DW_G02.R_TRANS_ATTRIBUTE (ID_TRANS_ATTRIBUTE,ID_TRANSFORMATION,NR,CODE,VALUE_NUM) values (81,1,0,'TRANS_LOG_TABLE_FIELD_ENABLED18',0);
Insert into EVENTOS_DW_G02.R_TRANS_ATTRIBUTE (ID_TRANS_ATTRIBUTE,ID_TRANSFORMATION,NR,CODE,VALUE_NUM) values (82,1,0,'TRANS_LOG_TABLE_FIELD_ID19',0);
Insert into EVENTOS_DW_G02.R_TRANS_ATTRIBUTE (ID_TRANS_ATTRIBUTE,ID_TRANSFORMATION,NR,CODE,VALUE_NUM) values (83,1,0,'TRANS_LOG_TABLE_FIELD_NAME19',0);
Insert into EVENTOS_DW_G02.R_TRANS_ATTRIBUTE (ID_TRANS_ATTRIBUTE,ID_TRANSFORMATION,NR,CODE,VALUE_NUM) values (84,1,0,'TRANS_LOG_TABLE_FIELD_ENABLED19',0);
Insert into EVENTOS_DW_G02.R_TRANS_ATTRIBUTE (ID_TRANS_ATTRIBUTE,ID_TRANSFORMATION,NR,CODE,VALUE_NUM) values (85,1,0,'TRANSLOG_TABLE_INTERVAL',0);
Insert into EVENTOS_DW_G02.R_TRANS_ATTRIBUTE (ID_TRANS_ATTRIBUTE,ID_TRANSFORMATION,NR,CODE,VALUE_NUM) values (86,1,0,'TRANSLOG_TABLE_SIZE_LIMIT',0);
Insert into EVENTOS_DW_G02.R_TRANS_ATTRIBUTE (ID_TRANS_ATTRIBUTE,ID_TRANSFORMATION,NR,CODE,VALUE_NUM) values (87,1,0,'STEP_LOG_TABLE_CONNECTION_NAME',0);
Insert into EVENTOS_DW_G02.R_TRANS_ATTRIBUTE (ID_TRANS_ATTRIBUTE,ID_TRANSFORMATION,NR,CODE,VALUE_NUM) values (88,1,0,'STEP_LOG_TABLE_SCHEMA_NAME',0);
Insert into EVENTOS_DW_G02.R_TRANS_ATTRIBUTE (ID_TRANS_ATTRIBUTE,ID_TRANSFORMATION,NR,CODE,VALUE_NUM) values (89,1,0,'STEP_LOG_TABLE_TABLE_NAME',0);
Insert into EVENTOS_DW_G02.R_TRANS_ATTRIBUTE (ID_TRANS_ATTRIBUTE,ID_TRANSFORMATION,NR,CODE,VALUE_NUM) values (90,1,0,'STEP_LOG_TABLE_TIMEOUT_IN_DAYS',0);
Insert into EVENTOS_DW_G02.R_TRANS_ATTRIBUTE (ID_TRANS_ATTRIBUTE,ID_TRANSFORMATION,NR,CODE,VALUE_NUM) values (91,1,0,'STEP_LOG_TABLE_FIELD_ID0',0);
Insert into EVENTOS_DW_G02.R_TRANS_ATTRIBUTE (ID_TRANS_ATTRIBUTE,ID_TRANSFORMATION,NR,CODE,VALUE_NUM) values (92,1,0,'STEP_LOG_TABLE_FIELD_NAME0',0);
Insert into EVENTOS_DW_G02.R_TRANS_ATTRIBUTE (ID_TRANS_ATTRIBUTE,ID_TRANSFORMATION,NR,CODE,VALUE_NUM) values (93,1,0,'STEP_LOG_TABLE_FIELD_ENABLED0',0);
Insert into EVENTOS_DW_G02.R_TRANS_ATTRIBUTE (ID_TRANS_ATTRIBUTE,ID_TRANSFORMATION,NR,CODE,VALUE_NUM) values (94,1,0,'STEP_LOG_TABLE_FIELD_ID1',0);
Insert into EVENTOS_DW_G02.R_TRANS_ATTRIBUTE (ID_TRANS_ATTRIBUTE,ID_TRANSFORMATION,NR,CODE,VALUE_NUM) values (95,1,0,'STEP_LOG_TABLE_FIELD_NAME1',0);
Insert into EVENTOS_DW_G02.R_TRANS_ATTRIBUTE (ID_TRANS_ATTRIBUTE,ID_TRANSFORMATION,NR,CODE,VALUE_NUM) values (96,1,0,'STEP_LOG_TABLE_FIELD_ENABLED1',0);
Insert into EVENTOS_DW_G02.R_TRANS_ATTRIBUTE (ID_TRANS_ATTRIBUTE,ID_TRANSFORMATION,NR,CODE,VALUE_NUM) values (97,1,0,'STEP_LOG_TABLE_FIELD_ID2',0);
Insert into EVENTOS_DW_G02.R_TRANS_ATTRIBUTE (ID_TRANS_ATTRIBUTE,ID_TRANSFORMATION,NR,CODE,VALUE_NUM) values (98,1,0,'STEP_LOG_TABLE_FIELD_NAME2',0);
Insert into EVENTOS_DW_G02.R_TRANS_ATTRIBUTE (ID_TRANS_ATTRIBUTE,ID_TRANSFORMATION,NR,CODE,VALUE_NUM) values (99,1,0,'STEP_LOG_TABLE_FIELD_ENABLED2',0);
Insert into EVENTOS_DW_G02.R_TRANS_ATTRIBUTE (ID_TRANS_ATTRIBUTE,ID_TRANSFORMATION,NR,CODE,VALUE_NUM) values (100,1,0,'STEP_LOG_TABLE_FIELD_ID3',0);
Insert into EVENTOS_DW_G02.R_TRANS_ATTRIBUTE (ID_TRANS_ATTRIBUTE,ID_TRANSFORMATION,NR,CODE,VALUE_NUM) values (101,1,0,'STEP_LOG_TABLE_FIELD_NAME3',0);
Insert into EVENTOS_DW_G02.R_TRANS_ATTRIBUTE (ID_TRANS_ATTRIBUTE,ID_TRANSFORMATION,NR,CODE,VALUE_NUM) values (102,1,0,'STEP_LOG_TABLE_FIELD_ENABLED3',0);
Insert into EVENTOS_DW_G02.R_TRANS_ATTRIBUTE (ID_TRANS_ATTRIBUTE,ID_TRANSFORMATION,NR,CODE,VALUE_NUM) values (103,1,0,'STEP_LOG_TABLE_FIELD_ID4',0);
Insert into EVENTOS_DW_G02.R_TRANS_ATTRIBUTE (ID_TRANS_ATTRIBUTE,ID_TRANSFORMATION,NR,CODE,VALUE_NUM) values (104,1,0,'STEP_LOG_TABLE_FIELD_NAME4',0);
Insert into EVENTOS_DW_G02.R_TRANS_ATTRIBUTE (ID_TRANS_ATTRIBUTE,ID_TRANSFORMATION,NR,CODE,VALUE_NUM) values (105,1,0,'STEP_LOG_TABLE_FIELD_ENABLED4',0);
Insert into EVENTOS_DW_G02.R_TRANS_ATTRIBUTE (ID_TRANS_ATTRIBUTE,ID_TRANSFORMATION,NR,CODE,VALUE_NUM) values (106,1,0,'STEP_LOG_TABLE_FIELD_ID5',0);
Insert into EVENTOS_DW_G02.R_TRANS_ATTRIBUTE (ID_TRANS_ATTRIBUTE,ID_TRANSFORMATION,NR,CODE,VALUE_NUM) values (107,1,0,'STEP_LOG_TABLE_FIELD_NAME5',0);
Insert into EVENTOS_DW_G02.R_TRANS_ATTRIBUTE (ID_TRANS_ATTRIBUTE,ID_TRANSFORMATION,NR,CODE,VALUE_NUM) values (108,1,0,'STEP_LOG_TABLE_FIELD_ENABLED5',0);
Insert into EVENTOS_DW_G02.R_TRANS_ATTRIBUTE (ID_TRANS_ATTRIBUTE,ID_TRANSFORMATION,NR,CODE,VALUE_NUM) values (109,1,0,'STEP_LOG_TABLE_FIELD_ID6',0);
Insert into EVENTOS_DW_G02.R_TRANS_ATTRIBUTE (ID_TRANS_ATTRIBUTE,ID_TRANSFORMATION,NR,CODE,VALUE_NUM) values (110,1,0,'STEP_LOG_TABLE_FIELD_NAME6',0);
Insert into EVENTOS_DW_G02.R_TRANS_ATTRIBUTE (ID_TRANS_ATTRIBUTE,ID_TRANSFORMATION,NR,CODE,VALUE_NUM) values (111,1,0,'STEP_LOG_TABLE_FIELD_ENABLED6',0);
Insert into EVENTOS_DW_G02.R_TRANS_ATTRIBUTE (ID_TRANS_ATTRIBUTE,ID_TRANSFORMATION,NR,CODE,VALUE_NUM) values (112,1,0,'STEP_LOG_TABLE_FIELD_ID7',0);
Insert into EVENTOS_DW_G02.R_TRANS_ATTRIBUTE (ID_TRANS_ATTRIBUTE,ID_TRANSFORMATION,NR,CODE,VALUE_NUM) values (113,1,0,'STEP_LOG_TABLE_FIELD_NAME7',0);
Insert into EVENTOS_DW_G02.R_TRANS_ATTRIBUTE (ID_TRANS_ATTRIBUTE,ID_TRANSFORMATION,NR,CODE,VALUE_NUM) values (114,1,0,'STEP_LOG_TABLE_FIELD_ENABLED7',0);
Insert into EVENTOS_DW_G02.R_TRANS_ATTRIBUTE (ID_TRANS_ATTRIBUTE,ID_TRANSFORMATION,NR,CODE,VALUE_NUM) values (115,1,0,'STEP_LOG_TABLE_FIELD_ID8',0);
Insert into EVENTOS_DW_G02.R_TRANS_ATTRIBUTE (ID_TRANS_ATTRIBUTE,ID_TRANSFORMATION,NR,CODE,VALUE_NUM) values (116,1,0,'STEP_LOG_TABLE_FIELD_NAME8',0);
Insert into EVENTOS_DW_G02.R_TRANS_ATTRIBUTE (ID_TRANS_ATTRIBUTE,ID_TRANSFORMATION,NR,CODE,VALUE_NUM) values (117,1,0,'STEP_LOG_TABLE_FIELD_ENABLED8',0);
Insert into EVENTOS_DW_G02.R_TRANS_ATTRIBUTE (ID_TRANS_ATTRIBUTE,ID_TRANSFORMATION,NR,CODE,VALUE_NUM) values (118,1,0,'STEP_LOG_TABLE_FIELD_ID9',0);
Insert into EVENTOS_DW_G02.R_TRANS_ATTRIBUTE (ID_TRANS_ATTRIBUTE,ID_TRANSFORMATION,NR,CODE,VALUE_NUM) values (119,1,0,'STEP_LOG_TABLE_FIELD_NAME9',0);
Insert into EVENTOS_DW_G02.R_TRANS_ATTRIBUTE (ID_TRANS_ATTRIBUTE,ID_TRANSFORMATION,NR,CODE,VALUE_NUM) values (120,1,0,'STEP_LOG_TABLE_FIELD_ENABLED9',0);
Insert into EVENTOS_DW_G02.R_TRANS_ATTRIBUTE (ID_TRANS_ATTRIBUTE,ID_TRANSFORMATION,NR,CODE,VALUE_NUM) values (121,1,0,'STEP_LOG_TABLE_FIELD_ID10',0);
Insert into EVENTOS_DW_G02.R_TRANS_ATTRIBUTE (ID_TRANS_ATTRIBUTE,ID_TRANSFORMATION,NR,CODE,VALUE_NUM) values (122,1,0,'STEP_LOG_TABLE_FIELD_NAME10',0);
Insert into EVENTOS_DW_G02.R_TRANS_ATTRIBUTE (ID_TRANS_ATTRIBUTE,ID_TRANSFORMATION,NR,CODE,VALUE_NUM) values (123,1,0,'STEP_LOG_TABLE_FIELD_ENABLED10',0);
Insert into EVENTOS_DW_G02.R_TRANS_ATTRIBUTE (ID_TRANS_ATTRIBUTE,ID_TRANSFORMATION,NR,CODE,VALUE_NUM) values (124,1,0,'STEP_LOG_TABLE_FIELD_ID11',0);
Insert into EVENTOS_DW_G02.R_TRANS_ATTRIBUTE (ID_TRANS_ATTRIBUTE,ID_TRANSFORMATION,NR,CODE,VALUE_NUM) values (125,1,0,'STEP_LOG_TABLE_FIELD_NAME11',0);
Insert into EVENTOS_DW_G02.R_TRANS_ATTRIBUTE (ID_TRANS_ATTRIBUTE,ID_TRANSFORMATION,NR,CODE,VALUE_NUM) values (126,1,0,'STEP_LOG_TABLE_FIELD_ENABLED11',0);
Insert into EVENTOS_DW_G02.R_TRANS_ATTRIBUTE (ID_TRANS_ATTRIBUTE,ID_TRANSFORMATION,NR,CODE,VALUE_NUM) values (127,1,0,'STEP_LOG_TABLE_FIELD_ID12',0);
Insert into EVENTOS_DW_G02.R_TRANS_ATTRIBUTE (ID_TRANS_ATTRIBUTE,ID_TRANSFORMATION,NR,CODE,VALUE_NUM) values (128,1,0,'STEP_LOG_TABLE_FIELD_NAME12',0);
Insert into EVENTOS_DW_G02.R_TRANS_ATTRIBUTE (ID_TRANS_ATTRIBUTE,ID_TRANSFORMATION,NR,CODE,VALUE_NUM) values (129,1,0,'STEP_LOG_TABLE_FIELD_ENABLED12',0);
Insert into EVENTOS_DW_G02.R_TRANS_ATTRIBUTE (ID_TRANS_ATTRIBUTE,ID_TRANSFORMATION,NR,CODE,VALUE_NUM) values (130,1,0,'STEP_LOG_TABLE_FIELD_ID13',0);
Insert into EVENTOS_DW_G02.R_TRANS_ATTRIBUTE (ID_TRANS_ATTRIBUTE,ID_TRANSFORMATION,NR,CODE,VALUE_NUM) values (131,1,0,'STEP_LOG_TABLE_FIELD_NAME13',0);
Insert into EVENTOS_DW_G02.R_TRANS_ATTRIBUTE (ID_TRANS_ATTRIBUTE,ID_TRANSFORMATION,NR,CODE,VALUE_NUM) values (132,1,0,'STEP_LOG_TABLE_FIELD_ENABLED13',0);
Insert into EVENTOS_DW_G02.R_TRANS_ATTRIBUTE (ID_TRANS_ATTRIBUTE,ID_TRANSFORMATION,NR,CODE,VALUE_NUM) values (133,1,0,'PERFORMANCE_LOG_TABLE_CONNECTION_NAME',0);
Insert into EVENTOS_DW_G02.R_TRANS_ATTRIBUTE (ID_TRANS_ATTRIBUTE,ID_TRANSFORMATION,NR,CODE,VALUE_NUM) values (134,1,0,'PERFORMANCE_LOG_TABLE_SCHEMA_NAME',0);
Insert into EVENTOS_DW_G02.R_TRANS_ATTRIBUTE (ID_TRANS_ATTRIBUTE,ID_TRANSFORMATION,NR,CODE,VALUE_NUM) values (135,1,0,'PERFORMANCE_LOG_TABLE_TABLE_NAME',0);
Insert into EVENTOS_DW_G02.R_TRANS_ATTRIBUTE (ID_TRANS_ATTRIBUTE,ID_TRANSFORMATION,NR,CODE,VALUE_NUM) values (136,1,0,'PERFORMANCE_LOG_TABLE_TIMEOUT_IN_DAYS',0);
Insert into EVENTOS_DW_G02.R_TRANS_ATTRIBUTE (ID_TRANS_ATTRIBUTE,ID_TRANSFORMATION,NR,CODE,VALUE_NUM) values (137,1,0,'PERFORMANCE_LOG_TABLE_FIELD_ID0',0);
Insert into EVENTOS_DW_G02.R_TRANS_ATTRIBUTE (ID_TRANS_ATTRIBUTE,ID_TRANSFORMATION,NR,CODE,VALUE_NUM) values (138,1,0,'PERFORMANCE_LOG_TABLE_FIELD_NAME0',0);
Insert into EVENTOS_DW_G02.R_TRANS_ATTRIBUTE (ID_TRANS_ATTRIBUTE,ID_TRANSFORMATION,NR,CODE,VALUE_NUM) values (139,1,0,'PERFORMANCE_LOG_TABLE_FIELD_ENABLED0',0);
Insert into EVENTOS_DW_G02.R_TRANS_ATTRIBUTE (ID_TRANS_ATTRIBUTE,ID_TRANSFORMATION,NR,CODE,VALUE_NUM) values (140,1,0,'PERFORMANCE_LOG_TABLE_FIELD_ID1',0);
Insert into EVENTOS_DW_G02.R_TRANS_ATTRIBUTE (ID_TRANS_ATTRIBUTE,ID_TRANSFORMATION,NR,CODE,VALUE_NUM) values (141,1,0,'PERFORMANCE_LOG_TABLE_FIELD_NAME1',0);
Insert into EVENTOS_DW_G02.R_TRANS_ATTRIBUTE (ID_TRANS_ATTRIBUTE,ID_TRANSFORMATION,NR,CODE,VALUE_NUM) values (142,1,0,'PERFORMANCE_LOG_TABLE_FIELD_ENABLED1',0);
Insert into EVENTOS_DW_G02.R_TRANS_ATTRIBUTE (ID_TRANS_ATTRIBUTE,ID_TRANSFORMATION,NR,CODE,VALUE_NUM) values (143,1,0,'PERFORMANCE_LOG_TABLE_FIELD_ID2',0);
Insert into EVENTOS_DW_G02.R_TRANS_ATTRIBUTE (ID_TRANS_ATTRIBUTE,ID_TRANSFORMATION,NR,CODE,VALUE_NUM) values (144,1,0,'PERFORMANCE_LOG_TABLE_FIELD_NAME2',0);
Insert into EVENTOS_DW_G02.R_TRANS_ATTRIBUTE (ID_TRANS_ATTRIBUTE,ID_TRANSFORMATION,NR,CODE,VALUE_NUM) values (145,1,0,'PERFORMANCE_LOG_TABLE_FIELD_ENABLED2',0);
Insert into EVENTOS_DW_G02.R_TRANS_ATTRIBUTE (ID_TRANS_ATTRIBUTE,ID_TRANSFORMATION,NR,CODE,VALUE_NUM) values (146,1,0,'PERFORMANCE_LOG_TABLE_FIELD_ID3',0);
Insert into EVENTOS_DW_G02.R_TRANS_ATTRIBUTE (ID_TRANS_ATTRIBUTE,ID_TRANSFORMATION,NR,CODE,VALUE_NUM) values (147,1,0,'PERFORMANCE_LOG_TABLE_FIELD_NAME3',0);
Insert into EVENTOS_DW_G02.R_TRANS_ATTRIBUTE (ID_TRANS_ATTRIBUTE,ID_TRANSFORMATION,NR,CODE,VALUE_NUM) values (148,1,0,'PERFORMANCE_LOG_TABLE_FIELD_ENABLED3',0);
Insert into EVENTOS_DW_G02.R_TRANS_ATTRIBUTE (ID_TRANS_ATTRIBUTE,ID_TRANSFORMATION,NR,CODE,VALUE_NUM) values (149,1,0,'PERFORMANCE_LOG_TABLE_FIELD_ID4',0);
Insert into EVENTOS_DW_G02.R_TRANS_ATTRIBUTE (ID_TRANS_ATTRIBUTE,ID_TRANSFORMATION,NR,CODE,VALUE_NUM) values (150,1,0,'PERFORMANCE_LOG_TABLE_FIELD_NAME4',0);
Insert into EVENTOS_DW_G02.R_TRANS_ATTRIBUTE (ID_TRANS_ATTRIBUTE,ID_TRANSFORMATION,NR,CODE,VALUE_NUM) values (151,1,0,'PERFORMANCE_LOG_TABLE_FIELD_ENABLED4',0);
Insert into EVENTOS_DW_G02.R_TRANS_ATTRIBUTE (ID_TRANS_ATTRIBUTE,ID_TRANSFORMATION,NR,CODE,VALUE_NUM) values (152,1,0,'PERFORMANCE_LOG_TABLE_FIELD_ID5',0);
Insert into EVENTOS_DW_G02.R_TRANS_ATTRIBUTE (ID_TRANS_ATTRIBUTE,ID_TRANSFORMATION,NR,CODE,VALUE_NUM) values (153,1,0,'PERFORMANCE_LOG_TABLE_FIELD_NAME5',0);
Insert into EVENTOS_DW_G02.R_TRANS_ATTRIBUTE (ID_TRANS_ATTRIBUTE,ID_TRANSFORMATION,NR,CODE,VALUE_NUM) values (154,1,0,'PERFORMANCE_LOG_TABLE_FIELD_ENABLED5',0);
Insert into EVENTOS_DW_G02.R_TRANS_ATTRIBUTE (ID_TRANS_ATTRIBUTE,ID_TRANSFORMATION,NR,CODE,VALUE_NUM) values (155,1,0,'PERFORMANCE_LOG_TABLE_FIELD_ID6',0);
Insert into EVENTOS_DW_G02.R_TRANS_ATTRIBUTE (ID_TRANS_ATTRIBUTE,ID_TRANSFORMATION,NR,CODE,VALUE_NUM) values (156,1,0,'PERFORMANCE_LOG_TABLE_FIELD_NAME6',0);
Insert into EVENTOS_DW_G02.R_TRANS_ATTRIBUTE (ID_TRANS_ATTRIBUTE,ID_TRANSFORMATION,NR,CODE,VALUE_NUM) values (157,1,0,'PERFORMANCE_LOG_TABLE_FIELD_ENABLED6',0);
Insert into EVENTOS_DW_G02.R_TRANS_ATTRIBUTE (ID_TRANS_ATTRIBUTE,ID_TRANSFORMATION,NR,CODE,VALUE_NUM) values (158,1,0,'PERFORMANCE_LOG_TABLE_FIELD_ID7',0);
Insert into EVENTOS_DW_G02.R_TRANS_ATTRIBUTE (ID_TRANS_ATTRIBUTE,ID_TRANSFORMATION,NR,CODE,VALUE_NUM) values (159,1,0,'PERFORMANCE_LOG_TABLE_FIELD_NAME7',0);
Insert into EVENTOS_DW_G02.R_TRANS_ATTRIBUTE (ID_TRANS_ATTRIBUTE,ID_TRANSFORMATION,NR,CODE,VALUE_NUM) values (160,1,0,'PERFORMANCE_LOG_TABLE_FIELD_ENABLED7',0);
Insert into EVENTOS_DW_G02.R_TRANS_ATTRIBUTE (ID_TRANS_ATTRIBUTE,ID_TRANSFORMATION,NR,CODE,VALUE_NUM) values (161,1,0,'PERFORMANCE_LOG_TABLE_FIELD_ID8',0);
Insert into EVENTOS_DW_G02.R_TRANS_ATTRIBUTE (ID_TRANS_ATTRIBUTE,ID_TRANSFORMATION,NR,CODE,VALUE_NUM) values (162,1,0,'PERFORMANCE_LOG_TABLE_FIELD_NAME8',0);
Insert into EVENTOS_DW_G02.R_TRANS_ATTRIBUTE (ID_TRANS_ATTRIBUTE,ID_TRANSFORMATION,NR,CODE,VALUE_NUM) values (163,1,0,'PERFORMANCE_LOG_TABLE_FIELD_ENABLED8',0);
Insert into EVENTOS_DW_G02.R_TRANS_ATTRIBUTE (ID_TRANS_ATTRIBUTE,ID_TRANSFORMATION,NR,CODE,VALUE_NUM) values (164,1,0,'PERFORMANCE_LOG_TABLE_FIELD_ID9',0);
Insert into EVENTOS_DW_G02.R_TRANS_ATTRIBUTE (ID_TRANS_ATTRIBUTE,ID_TRANSFORMATION,NR,CODE,VALUE_NUM) values (165,1,0,'PERFORMANCE_LOG_TABLE_FIELD_NAME9',0);
Insert into EVENTOS_DW_G02.R_TRANS_ATTRIBUTE (ID_TRANS_ATTRIBUTE,ID_TRANSFORMATION,NR,CODE,VALUE_NUM) values (166,1,0,'PERFORMANCE_LOG_TABLE_FIELD_ENABLED9',0);
Insert into EVENTOS_DW_G02.R_TRANS_ATTRIBUTE (ID_TRANS_ATTRIBUTE,ID_TRANSFORMATION,NR,CODE,VALUE_NUM) values (167,1,0,'PERFORMANCE_LOG_TABLE_FIELD_ID10',0);
Insert into EVENTOS_DW_G02.R_TRANS_ATTRIBUTE (ID_TRANS_ATTRIBUTE,ID_TRANSFORMATION,NR,CODE,VALUE_NUM) values (168,1,0,'PERFORMANCE_LOG_TABLE_FIELD_NAME10',0);
Insert into EVENTOS_DW_G02.R_TRANS_ATTRIBUTE (ID_TRANS_ATTRIBUTE,ID_TRANSFORMATION,NR,CODE,VALUE_NUM) values (169,1,0,'PERFORMANCE_LOG_TABLE_FIELD_ENABLED10',0);
Insert into EVENTOS_DW_G02.R_TRANS_ATTRIBUTE (ID_TRANS_ATTRIBUTE,ID_TRANSFORMATION,NR,CODE,VALUE_NUM) values (170,1,0,'PERFORMANCE_LOG_TABLE_FIELD_ID11',0);
Insert into EVENTOS_DW_G02.R_TRANS_ATTRIBUTE (ID_TRANS_ATTRIBUTE,ID_TRANSFORMATION,NR,CODE,VALUE_NUM) values (171,1,0,'PERFORMANCE_LOG_TABLE_FIELD_NAME11',0);
Insert into EVENTOS_DW_G02.R_TRANS_ATTRIBUTE (ID_TRANS_ATTRIBUTE,ID_TRANSFORMATION,NR,CODE,VALUE_NUM) values (172,1,0,'PERFORMANCE_LOG_TABLE_FIELD_ENABLED11',0);
Insert into EVENTOS_DW_G02.R_TRANS_ATTRIBUTE (ID_TRANS_ATTRIBUTE,ID_TRANSFORMATION,NR,CODE,VALUE_NUM) values (173,1,0,'PERFORMANCE_LOG_TABLE_FIELD_ID12',0);
Insert into EVENTOS_DW_G02.R_TRANS_ATTRIBUTE (ID_TRANS_ATTRIBUTE,ID_TRANSFORMATION,NR,CODE,VALUE_NUM) values (174,1,0,'PERFORMANCE_LOG_TABLE_FIELD_NAME12',0);
Insert into EVENTOS_DW_G02.R_TRANS_ATTRIBUTE (ID_TRANS_ATTRIBUTE,ID_TRANSFORMATION,NR,CODE,VALUE_NUM) values (175,1,0,'PERFORMANCE_LOG_TABLE_FIELD_ENABLED12',0);
Insert into EVENTOS_DW_G02.R_TRANS_ATTRIBUTE (ID_TRANS_ATTRIBUTE,ID_TRANSFORMATION,NR,CODE,VALUE_NUM) values (176,1,0,'PERFORMANCE_LOG_TABLE_FIELD_ID13',0);
Insert into EVENTOS_DW_G02.R_TRANS_ATTRIBUTE (ID_TRANS_ATTRIBUTE,ID_TRANSFORMATION,NR,CODE,VALUE_NUM) values (177,1,0,'PERFORMANCE_LOG_TABLE_FIELD_NAME13',0);
Insert into EVENTOS_DW_G02.R_TRANS_ATTRIBUTE (ID_TRANS_ATTRIBUTE,ID_TRANSFORMATION,NR,CODE,VALUE_NUM) values (178,1,0,'PERFORMANCE_LOG_TABLE_FIELD_ENABLED13',0);
Insert into EVENTOS_DW_G02.R_TRANS_ATTRIBUTE (ID_TRANS_ATTRIBUTE,ID_TRANSFORMATION,NR,CODE,VALUE_NUM) values (179,1,0,'PERFORMANCE_LOG_TABLE_FIELD_ID14',0);
Insert into EVENTOS_DW_G02.R_TRANS_ATTRIBUTE (ID_TRANS_ATTRIBUTE,ID_TRANSFORMATION,NR,CODE,VALUE_NUM) values (180,1,0,'PERFORMANCE_LOG_TABLE_FIELD_NAME14',0);
Insert into EVENTOS_DW_G02.R_TRANS_ATTRIBUTE (ID_TRANS_ATTRIBUTE,ID_TRANSFORMATION,NR,CODE,VALUE_NUM) values (181,1,0,'PERFORMANCE_LOG_TABLE_FIELD_ENABLED14',0);
Insert into EVENTOS_DW_G02.R_TRANS_ATTRIBUTE (ID_TRANS_ATTRIBUTE,ID_TRANSFORMATION,NR,CODE,VALUE_NUM) values (182,1,0,'PERFORMANCELOG_TABLE_INTERVAL',0);
Insert into EVENTOS_DW_G02.R_TRANS_ATTRIBUTE (ID_TRANS_ATTRIBUTE,ID_TRANSFORMATION,NR,CODE,VALUE_NUM) values (183,1,0,'CHANNEL_LOG_TABLE_CONNECTION_NAME',0);
Insert into EVENTOS_DW_G02.R_TRANS_ATTRIBUTE (ID_TRANS_ATTRIBUTE,ID_TRANSFORMATION,NR,CODE,VALUE_NUM) values (184,1,0,'CHANNEL_LOG_TABLE_SCHEMA_NAME',0);
Insert into EVENTOS_DW_G02.R_TRANS_ATTRIBUTE (ID_TRANS_ATTRIBUTE,ID_TRANSFORMATION,NR,CODE,VALUE_NUM) values (185,1,0,'CHANNEL_LOG_TABLE_TABLE_NAME',0);
Insert into EVENTOS_DW_G02.R_TRANS_ATTRIBUTE (ID_TRANS_ATTRIBUTE,ID_TRANSFORMATION,NR,CODE,VALUE_NUM) values (186,1,0,'CHANNEL_LOG_TABLE_TIMEOUT_IN_DAYS',0);
Insert into EVENTOS_DW_G02.R_TRANS_ATTRIBUTE (ID_TRANS_ATTRIBUTE,ID_TRANSFORMATION,NR,CODE,VALUE_NUM) values (187,1,0,'CHANNEL_LOG_TABLE_FIELD_ID0',0);
Insert into EVENTOS_DW_G02.R_TRANS_ATTRIBUTE (ID_TRANS_ATTRIBUTE,ID_TRANSFORMATION,NR,CODE,VALUE_NUM) values (188,1,0,'CHANNEL_LOG_TABLE_FIELD_NAME0',0);
Insert into EVENTOS_DW_G02.R_TRANS_ATTRIBUTE (ID_TRANS_ATTRIBUTE,ID_TRANSFORMATION,NR,CODE,VALUE_NUM) values (189,1,0,'CHANNEL_LOG_TABLE_FIELD_ENABLED0',0);
Insert into EVENTOS_DW_G02.R_TRANS_ATTRIBUTE (ID_TRANS_ATTRIBUTE,ID_TRANSFORMATION,NR,CODE,VALUE_NUM) values (190,1,0,'CHANNEL_LOG_TABLE_FIELD_ID1',0);
Insert into EVENTOS_DW_G02.R_TRANS_ATTRIBUTE (ID_TRANS_ATTRIBUTE,ID_TRANSFORMATION,NR,CODE,VALUE_NUM) values (191,1,0,'CHANNEL_LOG_TABLE_FIELD_NAME1',0);
Insert into EVENTOS_DW_G02.R_TRANS_ATTRIBUTE (ID_TRANS_ATTRIBUTE,ID_TRANSFORMATION,NR,CODE,VALUE_NUM) values (192,1,0,'CHANNEL_LOG_TABLE_FIELD_ENABLED1',0);
Insert into EVENTOS_DW_G02.R_TRANS_ATTRIBUTE (ID_TRANS_ATTRIBUTE,ID_TRANSFORMATION,NR,CODE,VALUE_NUM) values (193,1,0,'CHANNEL_LOG_TABLE_FIELD_ID2',0);
Insert into EVENTOS_DW_G02.R_TRANS_ATTRIBUTE (ID_TRANS_ATTRIBUTE,ID_TRANSFORMATION,NR,CODE,VALUE_NUM) values (194,1,0,'CHANNEL_LOG_TABLE_FIELD_NAME2',0);
Insert into EVENTOS_DW_G02.R_TRANS_ATTRIBUTE (ID_TRANS_ATTRIBUTE,ID_TRANSFORMATION,NR,CODE,VALUE_NUM) values (195,1,0,'CHANNEL_LOG_TABLE_FIELD_ENABLED2',0);
Insert into EVENTOS_DW_G02.R_TRANS_ATTRIBUTE (ID_TRANS_ATTRIBUTE,ID_TRANSFORMATION,NR,CODE,VALUE_NUM) values (196,1,0,'CHANNEL_LOG_TABLE_FIELD_ID3',0);
Insert into EVENTOS_DW_G02.R_TRANS_ATTRIBUTE (ID_TRANS_ATTRIBUTE,ID_TRANSFORMATION,NR,CODE,VALUE_NUM) values (197,1,0,'CHANNEL_LOG_TABLE_FIELD_NAME3',0);
Insert into EVENTOS_DW_G02.R_TRANS_ATTRIBUTE (ID_TRANS_ATTRIBUTE,ID_TRANSFORMATION,NR,CODE,VALUE_NUM) values (198,1,0,'CHANNEL_LOG_TABLE_FIELD_ENABLED3',0);
Insert into EVENTOS_DW_G02.R_TRANS_ATTRIBUTE (ID_TRANS_ATTRIBUTE,ID_TRANSFORMATION,NR,CODE,VALUE_NUM) values (199,1,0,'CHANNEL_LOG_TABLE_FIELD_ID4',0);
Insert into EVENTOS_DW_G02.R_TRANS_ATTRIBUTE (ID_TRANS_ATTRIBUTE,ID_TRANSFORMATION,NR,CODE,VALUE_NUM) values (200,1,0,'CHANNEL_LOG_TABLE_FIELD_NAME4',0);
Insert into EVENTOS_DW_G02.R_TRANS_ATTRIBUTE (ID_TRANS_ATTRIBUTE,ID_TRANSFORMATION,NR,CODE,VALUE_NUM) values (201,1,0,'CHANNEL_LOG_TABLE_FIELD_ENABLED4',0);
Insert into EVENTOS_DW_G02.R_TRANS_ATTRIBUTE (ID_TRANS_ATTRIBUTE,ID_TRANSFORMATION,NR,CODE,VALUE_NUM) values (202,1,0,'CHANNEL_LOG_TABLE_FIELD_ID5',0);
Insert into EVENTOS_DW_G02.R_TRANS_ATTRIBUTE (ID_TRANS_ATTRIBUTE,ID_TRANSFORMATION,NR,CODE,VALUE_NUM) values (203,1,0,'CHANNEL_LOG_TABLE_FIELD_NAME5',0);
Insert into EVENTOS_DW_G02.R_TRANS_ATTRIBUTE (ID_TRANS_ATTRIBUTE,ID_TRANSFORMATION,NR,CODE,VALUE_NUM) values (204,1,0,'CHANNEL_LOG_TABLE_FIELD_ENABLED5',0);
Insert into EVENTOS_DW_G02.R_TRANS_ATTRIBUTE (ID_TRANS_ATTRIBUTE,ID_TRANSFORMATION,NR,CODE,VALUE_NUM) values (205,1,0,'CHANNEL_LOG_TABLE_FIELD_ID6',0);
Insert into EVENTOS_DW_G02.R_TRANS_ATTRIBUTE (ID_TRANS_ATTRIBUTE,ID_TRANSFORMATION,NR,CODE,VALUE_NUM) values (206,1,0,'CHANNEL_LOG_TABLE_FIELD_NAME6',0);
Insert into EVENTOS_DW_G02.R_TRANS_ATTRIBUTE (ID_TRANS_ATTRIBUTE,ID_TRANSFORMATION,NR,CODE,VALUE_NUM) values (207,1,0,'CHANNEL_LOG_TABLE_FIELD_ENABLED6',0);
Insert into EVENTOS_DW_G02.R_TRANS_ATTRIBUTE (ID_TRANS_ATTRIBUTE,ID_TRANSFORMATION,NR,CODE,VALUE_NUM) values (208,1,0,'CHANNEL_LOG_TABLE_FIELD_ID7',0);
Insert into EVENTOS_DW_G02.R_TRANS_ATTRIBUTE (ID_TRANS_ATTRIBUTE,ID_TRANSFORMATION,NR,CODE,VALUE_NUM) values (209,1,0,'CHANNEL_LOG_TABLE_FIELD_NAME7',0);
Insert into EVENTOS_DW_G02.R_TRANS_ATTRIBUTE (ID_TRANS_ATTRIBUTE,ID_TRANSFORMATION,NR,CODE,VALUE_NUM) values (210,1,0,'CHANNEL_LOG_TABLE_FIELD_ENABLED7',0);
Insert into EVENTOS_DW_G02.R_TRANS_ATTRIBUTE (ID_TRANS_ATTRIBUTE,ID_TRANSFORMATION,NR,CODE,VALUE_NUM) values (211,1,0,'CHANNEL_LOG_TABLE_FIELD_ID8',0);
Insert into EVENTOS_DW_G02.R_TRANS_ATTRIBUTE (ID_TRANS_ATTRIBUTE,ID_TRANSFORMATION,NR,CODE,VALUE_NUM) values (212,1,0,'CHANNEL_LOG_TABLE_FIELD_NAME8',0);
Insert into EVENTOS_DW_G02.R_TRANS_ATTRIBUTE (ID_TRANS_ATTRIBUTE,ID_TRANSFORMATION,NR,CODE,VALUE_NUM) values (213,1,0,'CHANNEL_LOG_TABLE_FIELD_ENABLED8',0);
Insert into EVENTOS_DW_G02.R_TRANS_ATTRIBUTE (ID_TRANS_ATTRIBUTE,ID_TRANSFORMATION,NR,CODE,VALUE_NUM) values (214,1,0,'CHANNEL_LOG_TABLE_FIELD_ID9',0);
Insert into EVENTOS_DW_G02.R_TRANS_ATTRIBUTE (ID_TRANS_ATTRIBUTE,ID_TRANSFORMATION,NR,CODE,VALUE_NUM) values (215,1,0,'CHANNEL_LOG_TABLE_FIELD_NAME9',0);
Insert into EVENTOS_DW_G02.R_TRANS_ATTRIBUTE (ID_TRANS_ATTRIBUTE,ID_TRANSFORMATION,NR,CODE,VALUE_NUM) values (216,1,0,'CHANNEL_LOG_TABLE_FIELD_ENABLED9',0);
Insert into EVENTOS_DW_G02.R_TRANS_ATTRIBUTE (ID_TRANS_ATTRIBUTE,ID_TRANSFORMATION,NR,CODE,VALUE_NUM) values (217,1,0,'CHANNEL_LOG_TABLE_FIELD_ID10',0);
Insert into EVENTOS_DW_G02.R_TRANS_ATTRIBUTE (ID_TRANS_ATTRIBUTE,ID_TRANSFORMATION,NR,CODE,VALUE_NUM) values (218,1,0,'CHANNEL_LOG_TABLE_FIELD_NAME10',0);
Insert into EVENTOS_DW_G02.R_TRANS_ATTRIBUTE (ID_TRANS_ATTRIBUTE,ID_TRANSFORMATION,NR,CODE,VALUE_NUM) values (219,1,0,'CHANNEL_LOG_TABLE_FIELD_ENABLED10',0);
Insert into EVENTOS_DW_G02.R_TRANS_ATTRIBUTE (ID_TRANS_ATTRIBUTE,ID_TRANSFORMATION,NR,CODE,VALUE_NUM) values (220,1,0,'CHANNEL_LOG_TABLE_FIELD_ID11',0);
Insert into EVENTOS_DW_G02.R_TRANS_ATTRIBUTE (ID_TRANS_ATTRIBUTE,ID_TRANSFORMATION,NR,CODE,VALUE_NUM) values (221,1,0,'CHANNEL_LOG_TABLE_FIELD_NAME11',0);
Insert into EVENTOS_DW_G02.R_TRANS_ATTRIBUTE (ID_TRANS_ATTRIBUTE,ID_TRANSFORMATION,NR,CODE,VALUE_NUM) values (222,1,0,'CHANNEL_LOG_TABLE_FIELD_ENABLED11',0);
REM INSERTING into EVENTOS_DW_G02.R_TRANS_CLUSTER
SET DEFINE OFF;
REM INSERTING into EVENTOS_DW_G02.R_TRANS_HOP
SET DEFINE OFF;
Insert into EVENTOS_DW_G02.R_TRANS_HOP (ID_TRANS_HOP,ID_TRANSFORMATION,ID_STEP_FROM,ID_STEP_TO,ENABLED) values (1,1,1,2,'1');
Insert into EVENTOS_DW_G02.R_TRANS_HOP (ID_TRANS_HOP,ID_TRANSFORMATION,ID_STEP_FROM,ID_STEP_TO,ENABLED) values (2,1,2,3,'1');
REM INSERTING into EVENTOS_DW_G02.R_TRANS_LOCK
SET DEFINE OFF;
REM INSERTING into EVENTOS_DW_G02.R_TRANS_NOTE
SET DEFINE OFF;
REM INSERTING into EVENTOS_DW_G02.R_TRANS_PARTITION_SCHEMA
SET DEFINE OFF;
REM INSERTING into EVENTOS_DW_G02.R_TRANS_SLAVE
SET DEFINE OFF;
REM INSERTING into EVENTOS_DW_G02.R_TRANS_STEP_CONDITION
SET DEFINE OFF;
REM INSERTING into EVENTOS_DW_G02.R_USER
SET DEFINE OFF;
Insert into EVENTOS_DW_G02.R_USER (ID_USER,LOGIN,PASSWORD,NAME,DESCRIPTION,ENABLED) values (1,'admin','2be98afc86aa7f2e4cb79ce71da9fa6d4','Administrator','User manager','1');
Insert into EVENTOS_DW_G02.R_USER (ID_USER,LOGIN,PASSWORD,NAME,DESCRIPTION,ENABLED) values (2,'guest','2be98afc86aa7f2e4cb79ce77cb97bcce','Guest account','Read-only guest account','1');
REM INSERTING into EVENTOS_DW_G02.R_VALUE
SET DEFINE OFF;
REM INSERTING into EVENTOS_DW_G02.R_VERSION
SET DEFINE OFF;
Insert into EVENTOS_DW_G02.R_VERSION (ID_VERSION,MAJOR_VERSION,MINOR_VERSION,IS_UPGRADE,UPGRADE_DATE) values (1,5,0,'0',to_date('07-MAY-17','DD-MON-RR'));
--------------------------------------------------------
--  DDL for Index DIM_CATEGORIA_PK
--------------------------------------------------------

  CREATE UNIQUE INDEX "EVENTOS_DW_G02"."DIM_CATEGORIA_PK" ON "EVENTOS_DW_G02"."DIM_CATEGORIA" ("SK_CATEGORIA") 
  PCTFREE 10 INITRANS 2 MAXTRANS 255 COMPUTE STATISTICS 
  STORAGE(INITIAL 65536 NEXT 1048576 MINEXTENTS 1 MAXEXTENTS 2147483645
  PCTINCREASE 0 FREELISTS 1 FREELIST GROUPS 1 BUFFER_POOL DEFAULT FLASH_CACHE DEFAULT CELL_FLASH_CACHE DEFAULT)
  TABLESPACE "USERS" ;
--------------------------------------------------------
--  DDL for Index DIM_CLIENTE_PK
--------------------------------------------------------

  CREATE UNIQUE INDEX "EVENTOS_DW_G02"."DIM_CLIENTE_PK" ON "EVENTOS_DW_G02"."DIM_CLIENTE" ("SK_CLIENTE") 
  PCTFREE 10 INITRANS 2 MAXTRANS 255 COMPUTE STATISTICS 
  STORAGE(INITIAL 65536 NEXT 1048576 MINEXTENTS 1 MAXEXTENTS 2147483645
  PCTINCREASE 0 FREELISTS 1 FREELIST GROUPS 1 BUFFER_POOL DEFAULT FLASH_CACHE DEFAULT CELL_FLASH_CACHE DEFAULT)
  TABLESPACE "USERS" ;
--------------------------------------------------------
--  DDL for Index DIM_EVENTO_PK
--------------------------------------------------------

  CREATE UNIQUE INDEX "EVENTOS_DW_G02"."DIM_EVENTO_PK" ON "EVENTOS_DW_G02"."DIM_EVENTO" ("SK_EVENTO") 
  PCTFREE 10 INITRANS 2 MAXTRANS 255 COMPUTE STATISTICS 
  STORAGE(INITIAL 65536 NEXT 1048576 MINEXTENTS 1 MAXEXTENTS 2147483645
  PCTINCREASE 0 FREELISTS 1 FREELIST GROUPS 1 BUFFER_POOL DEFAULT FLASH_CACHE DEFAULT CELL_FLASH_CACHE DEFAULT)
  TABLESPACE "USERS" ;
--------------------------------------------------------
--  DDL for Index DIM_LEYENDA_PK
--------------------------------------------------------

  CREATE UNIQUE INDEX "EVENTOS_DW_G02"."DIM_LEYENDA_PK" ON "EVENTOS_DW_G02"."DIM_LEYENDA" ("SK_LEYENDA") 
  PCTFREE 10 INITRANS 2 MAXTRANS 255 COMPUTE STATISTICS 
  STORAGE(INITIAL 65536 NEXT 1048576 MINEXTENTS 1 MAXEXTENTS 2147483645
  PCTINCREASE 0 FREELISTS 1 FREELIST GROUPS 1 BUFFER_POOL DEFAULT FLASH_CACHE DEFAULT CELL_FLASH_CACHE DEFAULT)
  TABLESPACE "USERS" ;
--------------------------------------------------------
--  DDL for Index DIM_SEDE_PK
--------------------------------------------------------

  CREATE UNIQUE INDEX "EVENTOS_DW_G02"."DIM_SEDE_PK" ON "EVENTOS_DW_G02"."DIM_SEDE" ("SK_SEDE") 
  PCTFREE 10 INITRANS 2 MAXTRANS 255 COMPUTE STATISTICS 
  STORAGE(INITIAL 65536 NEXT 1048576 MINEXTENTS 1 MAXEXTENTS 2147483645
  PCTINCREASE 0 FREELISTS 1 FREELIST GROUPS 1 BUFFER_POOL DEFAULT FLASH_CACHE DEFAULT CELL_FLASH_CACHE DEFAULT)
  TABLESPACE "USERS" ;
--------------------------------------------------------
--  DDL for Index DIM_TIEMPO_PK
--------------------------------------------------------

  CREATE UNIQUE INDEX "EVENTOS_DW_G02"."DIM_TIEMPO_PK" ON "EVENTOS_DW_G02"."DIM_TIEMPO" ("SK_TIEMPO") 
  PCTFREE 10 INITRANS 2 MAXTRANS 255 COMPUTE STATISTICS 
  STORAGE(INITIAL 65536 NEXT 1048576 MINEXTENTS 1 MAXEXTENTS 2147483645
  PCTINCREASE 0 FREELISTS 1 FREELIST GROUPS 1 BUFFER_POOL DEFAULT FLASH_CACHE DEFAULT CELL_FLASH_CACHE DEFAULT)
  TABLESPACE "USERS" ;
--------------------------------------------------------
--  DDL for Index DIM_TIPO_STAND_PK
--------------------------------------------------------

  CREATE UNIQUE INDEX "EVENTOS_DW_G02"."DIM_TIPO_STAND_PK" ON "EVENTOS_DW_G02"."DIM_TIPO_STAND" ("SK_TIPO_STAND") 
  PCTFREE 10 INITRANS 2 MAXTRANS 255 COMPUTE STATISTICS 
  STORAGE(INITIAL 65536 NEXT 1048576 MINEXTENTS 1 MAXEXTENTS 2147483645
  PCTINCREASE 0 FREELISTS 1 FREELIST GROUPS 1 BUFFER_POOL DEFAULT FLASH_CACHE DEFAULT CELL_FLASH_CACHE DEFAULT)
  TABLESPACE "USERS" ;
--------------------------------------------------------
--  DDL for Index DIM_VISITANTE_PK
--------------------------------------------------------

  CREATE UNIQUE INDEX "EVENTOS_DW_G02"."DIM_VISITANTE_PK" ON "EVENTOS_DW_G02"."DIM_VISITANTE" ("SK_VISITANTE") 
  PCTFREE 10 INITRANS 2 MAXTRANS 255 COMPUTE STATISTICS 
  STORAGE(INITIAL 65536 NEXT 1048576 MINEXTENTS 1 MAXEXTENTS 2147483645
  PCTINCREASE 0 FREELISTS 1 FREELIST GROUPS 1 BUFFER_POOL DEFAULT FLASH_CACHE DEFAULT CELL_FLASH_CACHE DEFAULT)
  TABLESPACE "USERS" ;
--------------------------------------------------------
--  DDL for Index FACT_ALQUILER_PK
--------------------------------------------------------

  CREATE UNIQUE INDEX "EVENTOS_DW_G02"."FACT_ALQUILER_PK" ON "EVENTOS_DW_G02"."FACT_ALQUILER" ("SK_EVENTO", "SK_CLIENTE", "SK_FEC_ALQUILER", "SK_TIPO_STAND", "SK_CATEGORIA", "NUM_STAND") 
  PCTFREE 10 INITRANS 2 MAXTRANS 255 COMPUTE STATISTICS 
  STORAGE(INITIAL 65536 NEXT 1048576 MINEXTENTS 1 MAXEXTENTS 2147483645
  PCTINCREASE 0 FREELISTS 1 FREELIST GROUPS 1 BUFFER_POOL DEFAULT FLASH_CACHE DEFAULT CELL_FLASH_CACHE DEFAULT)
  TABLESPACE "USERS" ;
--------------------------------------------------------
--  DDL for Index FACT_EVENTO_PK
--------------------------------------------------------

  CREATE UNIQUE INDEX "EVENTOS_DW_G02"."FACT_EVENTO_PK" ON "EVENTOS_DW_G02"."FACT_EVENTO" ("SK_EVENTO", "SK_SEDE", "SK_FEC_EVENTO") 
  PCTFREE 10 INITRANS 2 MAXTRANS 255 COMPUTE STATISTICS 
  STORAGE(INITIAL 65536 NEXT 1048576 MINEXTENTS 1 MAXEXTENTS 2147483645
  PCTINCREASE 0 FREELISTS 1 FREELIST GROUPS 1 BUFFER_POOL DEFAULT FLASH_CACHE DEFAULT CELL_FLASH_CACHE DEFAULT)
  TABLESPACE "USERS" ;
--------------------------------------------------------
--  DDL for Index FACT_EVENTO_STAND_PK
--------------------------------------------------------

  CREATE UNIQUE INDEX "EVENTOS_DW_G02"."FACT_EVENTO_STAND_PK" ON "EVENTOS_DW_G02"."FACT_EVENTO_STAND" ("SK_EVENTO", "SK_TIPO_STAND") 
  PCTFREE 10 INITRANS 2 MAXTRANS 255 COMPUTE STATISTICS 
  STORAGE(INITIAL 65536 NEXT 1048576 MINEXTENTS 1 MAXEXTENTS 2147483645
  PCTINCREASE 0 FREELISTS 1 FREELIST GROUPS 1 BUFFER_POOL DEFAULT FLASH_CACHE DEFAULT CELL_FLASH_CACHE DEFAULT)
  TABLESPACE "USERS" ;
--------------------------------------------------------
--  DDL for Index FACT_VISITA_PK
--------------------------------------------------------

  CREATE UNIQUE INDEX "EVENTOS_DW_G02"."FACT_VISITA_PK" ON "EVENTOS_DW_G02"."FACT_VISITA" ("SK_EVENTO", "SK_VISITANTE", "SK_FEC_ENTRADA", "SK_LEYENDA_ESTRELLAS", "NUM_ENTRADA") 
  PCTFREE 10 INITRANS 2 MAXTRANS 255 COMPUTE STATISTICS 
  STORAGE(INITIAL 65536 NEXT 1048576 MINEXTENTS 1 MAXEXTENTS 2147483645
  PCTINCREASE 0 FREELISTS 1 FREELIST GROUPS 1 BUFFER_POOL DEFAULT FLASH_CACHE DEFAULT CELL_FLASH_CACHE DEFAULT)
  TABLESPACE "USERS" ;
--------------------------------------------------------
--  DDL for Index IDX_JATT
--------------------------------------------------------

  CREATE UNIQUE INDEX "EVENTOS_DW_G02"."IDX_JATT" ON "EVENTOS_DW_G02"."R_JOB_ATTRIBUTE" ("ID_JOB", "CODE", "NR") 
  PCTFREE 10 INITRANS 2 MAXTRANS 255 COMPUTE STATISTICS 
  STORAGE(INITIAL 65536 NEXT 1048576 MINEXTENTS 1 MAXEXTENTS 2147483645
  PCTINCREASE 0 FREELISTS 1 FREELIST GROUPS 1 BUFFER_POOL DEFAULT FLASH_CACHE DEFAULT CELL_FLASH_CACHE DEFAULT)
  TABLESPACE "USERS" ;
--------------------------------------------------------
--  DDL for Index IDX_RDAT
--------------------------------------------------------

  CREATE UNIQUE INDEX "EVENTOS_DW_G02"."IDX_RDAT" ON "EVENTOS_DW_G02"."R_DATABASE_ATTRIBUTE" ("ID_DATABASE", "CODE") 
  PCTFREE 10 INITRANS 2 MAXTRANS 255 COMPUTE STATISTICS 
  STORAGE(INITIAL 65536 NEXT 1048576 MINEXTENTS 1 MAXEXTENTS 2147483645
  PCTINCREASE 0 FREELISTS 1 FREELIST GROUPS 1 BUFFER_POOL DEFAULT FLASH_CACHE DEFAULT CELL_FLASH_CACHE DEFAULT)
  TABLESPACE "USERS" ;
--------------------------------------------------------
--  DDL for Index IDX_RDIR
--------------------------------------------------------

  CREATE UNIQUE INDEX "EVENTOS_DW_G02"."IDX_RDIR" ON "EVENTOS_DW_G02"."R_DIRECTORY" ("ID_DIRECTORY_PARENT", "DIRECTORY_NAME") 
  PCTFREE 10 INITRANS 2 MAXTRANS 255 COMPUTE STATISTICS 
  STORAGE(INITIAL 65536 NEXT 1048576 MINEXTENTS 1 MAXEXTENTS 2147483645
  PCTINCREASE 0 FREELISTS 1 FREELIST GROUPS 1 BUFFER_POOL DEFAULT FLASH_CACHE DEFAULT CELL_FLASH_CACHE DEFAULT)
  TABLESPACE "USERS" ;
--------------------------------------------------------
--  DDL for Index IDX_RJD1
--------------------------------------------------------

  CREATE INDEX "EVENTOS_DW_G02"."IDX_RJD1" ON "EVENTOS_DW_G02"."R_JOBENTRY_DATABASE" ("ID_JOB") 
  PCTFREE 10 INITRANS 2 MAXTRANS 255 COMPUTE STATISTICS 
  STORAGE(INITIAL 65536 NEXT 1048576 MINEXTENTS 1 MAXEXTENTS 2147483645
  PCTINCREASE 0 FREELISTS 1 FREELIST GROUPS 1 BUFFER_POOL DEFAULT FLASH_CACHE DEFAULT CELL_FLASH_CACHE DEFAULT)
  TABLESPACE "USERS" ;
--------------------------------------------------------
--  DDL for Index IDX_RJD2
--------------------------------------------------------

  CREATE INDEX "EVENTOS_DW_G02"."IDX_RJD2" ON "EVENTOS_DW_G02"."R_JOBENTRY_DATABASE" ("ID_DATABASE") 
  PCTFREE 10 INITRANS 2 MAXTRANS 255 COMPUTE STATISTICS 
  STORAGE(INITIAL 65536 NEXT 1048576 MINEXTENTS 1 MAXEXTENTS 2147483645
  PCTINCREASE 0 FREELISTS 1 FREELIST GROUPS 1 BUFFER_POOL DEFAULT FLASH_CACHE DEFAULT CELL_FLASH_CACHE DEFAULT)
  TABLESPACE "USERS" ;
--------------------------------------------------------
--  DDL for Index IDX_RJEA
--------------------------------------------------------

  CREATE UNIQUE INDEX "EVENTOS_DW_G02"."IDX_RJEA" ON "EVENTOS_DW_G02"."R_JOBENTRY_ATTRIBUTE" ("ID_JOBENTRY_ATTRIBUTE", "CODE", "NR") 
  PCTFREE 10 INITRANS 2 MAXTRANS 255 COMPUTE STATISTICS 
  STORAGE(INITIAL 65536 NEXT 1048576 MINEXTENTS 1 MAXEXTENTS 2147483645
  PCTINCREASE 0 FREELISTS 1 FREELIST GROUPS 1 BUFFER_POOL DEFAULT FLASH_CACHE DEFAULT CELL_FLASH_CACHE DEFAULT)
  TABLESPACE "USERS" ;
--------------------------------------------------------
--  DDL for Index IDX_RSAT
--------------------------------------------------------

  CREATE UNIQUE INDEX "EVENTOS_DW_G02"."IDX_RSAT" ON "EVENTOS_DW_G02"."R_STEP_ATTRIBUTE" ("ID_STEP", "CODE", "NR") 
  PCTFREE 10 INITRANS 2 MAXTRANS 255 COMPUTE STATISTICS 
  STORAGE(INITIAL 65536 NEXT 1048576 MINEXTENTS 1 MAXEXTENTS 2147483645
  PCTINCREASE 0 FREELISTS 1 FREELIST GROUPS 1 BUFFER_POOL DEFAULT FLASH_CACHE DEFAULT CELL_FLASH_CACHE DEFAULT)
  TABLESPACE "USERS" ;
--------------------------------------------------------
--  DDL for Index IDX_RSD1
--------------------------------------------------------

  CREATE INDEX "EVENTOS_DW_G02"."IDX_RSD1" ON "EVENTOS_DW_G02"."R_STEP_DATABASE" ("ID_TRANSFORMATION") 
  PCTFREE 10 INITRANS 2 MAXTRANS 255 COMPUTE STATISTICS 
  STORAGE(INITIAL 65536 NEXT 1048576 MINEXTENTS 1 MAXEXTENTS 2147483645
  PCTINCREASE 0 FREELISTS 1 FREELIST GROUPS 1 BUFFER_POOL DEFAULT FLASH_CACHE DEFAULT CELL_FLASH_CACHE DEFAULT)
  TABLESPACE "USERS" ;
--------------------------------------------------------
--  DDL for Index IDX_RSD2
--------------------------------------------------------

  CREATE INDEX "EVENTOS_DW_G02"."IDX_RSD2" ON "EVENTOS_DW_G02"."R_STEP_DATABASE" ("ID_DATABASE") 
  PCTFREE 10 INITRANS 2 MAXTRANS 255 COMPUTE STATISTICS 
  STORAGE(INITIAL 65536 NEXT 1048576 MINEXTENTS 1 MAXEXTENTS 2147483645
  PCTINCREASE 0 FREELISTS 1 FREELIST GROUPS 1 BUFFER_POOL DEFAULT FLASH_CACHE DEFAULT CELL_FLASH_CACHE DEFAULT)
  TABLESPACE "USERS" ;
--------------------------------------------------------
--  DDL for Index IDX_TATT
--------------------------------------------------------

  CREATE UNIQUE INDEX "EVENTOS_DW_G02"."IDX_TATT" ON "EVENTOS_DW_G02"."R_TRANS_ATTRIBUTE" ("ID_TRANSFORMATION", "CODE", "NR") 
  PCTFREE 10 INITRANS 2 MAXTRANS 255 COMPUTE STATISTICS 
  STORAGE(INITIAL 65536 NEXT 1048576 MINEXTENTS 1 MAXEXTENTS 2147483645
  PCTINCREASE 0 FREELISTS 1 FREELIST GROUPS 1 BUFFER_POOL DEFAULT FLASH_CACHE DEFAULT CELL_FLASH_CACHE DEFAULT)
  TABLESPACE "USERS" ;
--------------------------------------------------------
--  DDL for Index SYS_C007517
--------------------------------------------------------

  CREATE UNIQUE INDEX "EVENTOS_DW_G02"."SYS_C007517" ON "EVENTOS_DW_G02"."R_REPOSITORY_LOG" ("ID_REPOSITORY_LOG") 
  PCTFREE 10 INITRANS 2 MAXTRANS 255 COMPUTE STATISTICS 
  STORAGE(INITIAL 65536 NEXT 1048576 MINEXTENTS 1 MAXEXTENTS 2147483645
  PCTINCREASE 0 FREELISTS 1 FREELIST GROUPS 1 BUFFER_POOL DEFAULT FLASH_CACHE DEFAULT CELL_FLASH_CACHE DEFAULT)
  TABLESPACE "USERS" ;
--------------------------------------------------------
--  DDL for Index SYS_C007518
--------------------------------------------------------

  CREATE UNIQUE INDEX "EVENTOS_DW_G02"."SYS_C007518" ON "EVENTOS_DW_G02"."R_VERSION" ("ID_VERSION") 
  PCTFREE 10 INITRANS 2 MAXTRANS 255 COMPUTE STATISTICS 
  STORAGE(INITIAL 65536 NEXT 1048576 MINEXTENTS 1 MAXEXTENTS 2147483645
  PCTINCREASE 0 FREELISTS 1 FREELIST GROUPS 1 BUFFER_POOL DEFAULT FLASH_CACHE DEFAULT CELL_FLASH_CACHE DEFAULT)
  TABLESPACE "USERS" ;
--------------------------------------------------------
--  DDL for Index SYS_C007519
--------------------------------------------------------

  CREATE UNIQUE INDEX "EVENTOS_DW_G02"."SYS_C007519" ON "EVENTOS_DW_G02"."R_DATABASE_TYPE" ("ID_DATABASE_TYPE") 
  PCTFREE 10 INITRANS 2 MAXTRANS 255 COMPUTE STATISTICS 
  STORAGE(INITIAL 65536 NEXT 1048576 MINEXTENTS 1 MAXEXTENTS 2147483645
  PCTINCREASE 0 FREELISTS 1 FREELIST GROUPS 1 BUFFER_POOL DEFAULT FLASH_CACHE DEFAULT CELL_FLASH_CACHE DEFAULT)
  TABLESPACE "USERS" ;
--------------------------------------------------------
--  DDL for Index SYS_C007520
--------------------------------------------------------

  CREATE UNIQUE INDEX "EVENTOS_DW_G02"."SYS_C007520" ON "EVENTOS_DW_G02"."R_DATABASE_CONTYPE" ("ID_DATABASE_CONTYPE") 
  PCTFREE 10 INITRANS 2 MAXTRANS 255 COMPUTE STATISTICS 
  STORAGE(INITIAL 65536 NEXT 1048576 MINEXTENTS 1 MAXEXTENTS 2147483645
  PCTINCREASE 0 FREELISTS 1 FREELIST GROUPS 1 BUFFER_POOL DEFAULT FLASH_CACHE DEFAULT CELL_FLASH_CACHE DEFAULT)
  TABLESPACE "USERS" ;
--------------------------------------------------------
--  DDL for Index SYS_C007521
--------------------------------------------------------

  CREATE UNIQUE INDEX "EVENTOS_DW_G02"."SYS_C007521" ON "EVENTOS_DW_G02"."R_NOTE" ("ID_NOTE") 
  PCTFREE 10 INITRANS 2 MAXTRANS 255 COMPUTE STATISTICS 
  STORAGE(INITIAL 65536 NEXT 1048576 MINEXTENTS 1 MAXEXTENTS 2147483645
  PCTINCREASE 0 FREELISTS 1 FREELIST GROUPS 1 BUFFER_POOL DEFAULT FLASH_CACHE DEFAULT CELL_FLASH_CACHE DEFAULT)
  TABLESPACE "USERS" ;
--------------------------------------------------------
--  DDL for Index SYS_C007522
--------------------------------------------------------

  CREATE UNIQUE INDEX "EVENTOS_DW_G02"."SYS_C007522" ON "EVENTOS_DW_G02"."R_DATABASE" ("ID_DATABASE") 
  PCTFREE 10 INITRANS 2 MAXTRANS 255 COMPUTE STATISTICS 
  STORAGE(INITIAL 65536 NEXT 1048576 MINEXTENTS 1 MAXEXTENTS 2147483645
  PCTINCREASE 0 FREELISTS 1 FREELIST GROUPS 1 BUFFER_POOL DEFAULT FLASH_CACHE DEFAULT CELL_FLASH_CACHE DEFAULT)
  TABLESPACE "USERS" ;
--------------------------------------------------------
--  DDL for Index SYS_C007523
--------------------------------------------------------

  CREATE UNIQUE INDEX "EVENTOS_DW_G02"."SYS_C007523" ON "EVENTOS_DW_G02"."R_DATABASE_ATTRIBUTE" ("ID_DATABASE_ATTRIBUTE") 
  PCTFREE 10 INITRANS 2 MAXTRANS 255 COMPUTE STATISTICS 
  STORAGE(INITIAL 65536 NEXT 1048576 MINEXTENTS 1 MAXEXTENTS 2147483645
  PCTINCREASE 0 FREELISTS 1 FREELIST GROUPS 1 BUFFER_POOL DEFAULT FLASH_CACHE DEFAULT CELL_FLASH_CACHE DEFAULT)
  TABLESPACE "USERS" ;
--------------------------------------------------------
--  DDL for Index SYS_C007524
--------------------------------------------------------

  CREATE UNIQUE INDEX "EVENTOS_DW_G02"."SYS_C007524" ON "EVENTOS_DW_G02"."R_DIRECTORY" ("ID_DIRECTORY") 
  PCTFREE 10 INITRANS 2 MAXTRANS 255 COMPUTE STATISTICS 
  STORAGE(INITIAL 65536 NEXT 1048576 MINEXTENTS 1 MAXEXTENTS 2147483645
  PCTINCREASE 0 FREELISTS 1 FREELIST GROUPS 1 BUFFER_POOL DEFAULT FLASH_CACHE DEFAULT CELL_FLASH_CACHE DEFAULT)
  TABLESPACE "USERS" ;
--------------------------------------------------------
--  DDL for Index SYS_C007525
--------------------------------------------------------

  CREATE UNIQUE INDEX "EVENTOS_DW_G02"."SYS_C007525" ON "EVENTOS_DW_G02"."R_TRANSFORMATION" ("ID_TRANSFORMATION") 
  PCTFREE 10 INITRANS 2 MAXTRANS 255 COMPUTE STATISTICS 
  STORAGE(INITIAL 65536 NEXT 1048576 MINEXTENTS 1 MAXEXTENTS 2147483645
  PCTINCREASE 0 FREELISTS 1 FREELIST GROUPS 1 BUFFER_POOL DEFAULT FLASH_CACHE DEFAULT CELL_FLASH_CACHE DEFAULT)
  TABLESPACE "USERS" ;
--------------------------------------------------------
--  DDL for Index SYS_C007526
--------------------------------------------------------

  CREATE UNIQUE INDEX "EVENTOS_DW_G02"."SYS_C007526" ON "EVENTOS_DW_G02"."R_TRANS_ATTRIBUTE" ("ID_TRANS_ATTRIBUTE") 
  PCTFREE 10 INITRANS 2 MAXTRANS 255 COMPUTE STATISTICS 
  STORAGE(INITIAL 65536 NEXT 1048576 MINEXTENTS 1 MAXEXTENTS 2147483645
  PCTINCREASE 0 FREELISTS 1 FREELIST GROUPS 1 BUFFER_POOL DEFAULT FLASH_CACHE DEFAULT CELL_FLASH_CACHE DEFAULT)
  TABLESPACE "USERS" ;
--------------------------------------------------------
--  DDL for Index SYS_C007527
--------------------------------------------------------

  CREATE UNIQUE INDEX "EVENTOS_DW_G02"."SYS_C007527" ON "EVENTOS_DW_G02"."R_JOB_ATTRIBUTE" ("ID_JOB_ATTRIBUTE") 
  PCTFREE 10 INITRANS 2 MAXTRANS 255 COMPUTE STATISTICS 
  STORAGE(INITIAL 65536 NEXT 1048576 MINEXTENTS 1 MAXEXTENTS 2147483645
  PCTINCREASE 0 FREELISTS 1 FREELIST GROUPS 1 BUFFER_POOL DEFAULT FLASH_CACHE DEFAULT CELL_FLASH_CACHE DEFAULT)
  TABLESPACE "USERS" ;
--------------------------------------------------------
--  DDL for Index SYS_C007528
--------------------------------------------------------

  CREATE UNIQUE INDEX "EVENTOS_DW_G02"."SYS_C007528" ON "EVENTOS_DW_G02"."R_DEPENDENCY" ("ID_DEPENDENCY") 
  PCTFREE 10 INITRANS 2 MAXTRANS 255 COMPUTE STATISTICS 
  STORAGE(INITIAL 65536 NEXT 1048576 MINEXTENTS 1 MAXEXTENTS 2147483645
  PCTINCREASE 0 FREELISTS 1 FREELIST GROUPS 1 BUFFER_POOL DEFAULT FLASH_CACHE DEFAULT CELL_FLASH_CACHE DEFAULT)
  TABLESPACE "USERS" ;
--------------------------------------------------------
--  DDL for Index SYS_C007529
--------------------------------------------------------

  CREATE UNIQUE INDEX "EVENTOS_DW_G02"."SYS_C007529" ON "EVENTOS_DW_G02"."R_PARTITION_SCHEMA" ("ID_PARTITION_SCHEMA") 
  PCTFREE 10 INITRANS 2 MAXTRANS 255 COMPUTE STATISTICS 
  STORAGE(INITIAL 65536 NEXT 1048576 MINEXTENTS 1 MAXEXTENTS 2147483645
  PCTINCREASE 0 FREELISTS 1 FREELIST GROUPS 1 BUFFER_POOL DEFAULT FLASH_CACHE DEFAULT CELL_FLASH_CACHE DEFAULT)
  TABLESPACE "USERS" ;
--------------------------------------------------------
--  DDL for Index SYS_C007530
--------------------------------------------------------

  CREATE UNIQUE INDEX "EVENTOS_DW_G02"."SYS_C007530" ON "EVENTOS_DW_G02"."R_PARTITION" ("ID_PARTITION") 
  PCTFREE 10 INITRANS 2 MAXTRANS 255 COMPUTE STATISTICS 
  STORAGE(INITIAL 65536 NEXT 1048576 MINEXTENTS 1 MAXEXTENTS 2147483645
  PCTINCREASE 0 FREELISTS 1 FREELIST GROUPS 1 BUFFER_POOL DEFAULT FLASH_CACHE DEFAULT CELL_FLASH_CACHE DEFAULT)
  TABLESPACE "USERS" ;
--------------------------------------------------------
--  DDL for Index SYS_C007531
--------------------------------------------------------

  CREATE UNIQUE INDEX "EVENTOS_DW_G02"."SYS_C007531" ON "EVENTOS_DW_G02"."R_TRANS_PARTITION_SCHEMA" ("ID_TRANS_PARTITION_SCHEMA") 
  PCTFREE 10 INITRANS 2 MAXTRANS 255 COMPUTE STATISTICS 
  STORAGE(INITIAL 65536 NEXT 1048576 MINEXTENTS 1 MAXEXTENTS 2147483645
  PCTINCREASE 0 FREELISTS 1 FREELIST GROUPS 1 BUFFER_POOL DEFAULT FLASH_CACHE DEFAULT CELL_FLASH_CACHE DEFAULT)
  TABLESPACE "USERS" ;
--------------------------------------------------------
--  DDL for Index SYS_C007532
--------------------------------------------------------

  CREATE UNIQUE INDEX "EVENTOS_DW_G02"."SYS_C007532" ON "EVENTOS_DW_G02"."R_CLUSTER" ("ID_CLUSTER") 
  PCTFREE 10 INITRANS 2 MAXTRANS 255 COMPUTE STATISTICS 
  STORAGE(INITIAL 65536 NEXT 1048576 MINEXTENTS 1 MAXEXTENTS 2147483645
  PCTINCREASE 0 FREELISTS 1 FREELIST GROUPS 1 BUFFER_POOL DEFAULT FLASH_CACHE DEFAULT CELL_FLASH_CACHE DEFAULT)
  TABLESPACE "USERS" ;
--------------------------------------------------------
--  DDL for Index SYS_C007533
--------------------------------------------------------

  CREATE UNIQUE INDEX "EVENTOS_DW_G02"."SYS_C007533" ON "EVENTOS_DW_G02"."R_SLAVE" ("ID_SLAVE") 
  PCTFREE 10 INITRANS 2 MAXTRANS 255 COMPUTE STATISTICS 
  STORAGE(INITIAL 65536 NEXT 1048576 MINEXTENTS 1 MAXEXTENTS 2147483645
  PCTINCREASE 0 FREELISTS 1 FREELIST GROUPS 1 BUFFER_POOL DEFAULT FLASH_CACHE DEFAULT CELL_FLASH_CACHE DEFAULT)
  TABLESPACE "USERS" ;
--------------------------------------------------------
--  DDL for Index SYS_C007534
--------------------------------------------------------

  CREATE UNIQUE INDEX "EVENTOS_DW_G02"."SYS_C007534" ON "EVENTOS_DW_G02"."R_CLUSTER_SLAVE" ("ID_CLUSTER_SLAVE") 
  PCTFREE 10 INITRANS 2 MAXTRANS 255 COMPUTE STATISTICS 
  STORAGE(INITIAL 65536 NEXT 1048576 MINEXTENTS 1 MAXEXTENTS 2147483645
  PCTINCREASE 0 FREELISTS 1 FREELIST GROUPS 1 BUFFER_POOL DEFAULT FLASH_CACHE DEFAULT CELL_FLASH_CACHE DEFAULT)
  TABLESPACE "USERS" ;
--------------------------------------------------------
--  DDL for Index SYS_C007535
--------------------------------------------------------

  CREATE UNIQUE INDEX "EVENTOS_DW_G02"."SYS_C007535" ON "EVENTOS_DW_G02"."R_TRANS_SLAVE" ("ID_TRANS_SLAVE") 
  PCTFREE 10 INITRANS 2 MAXTRANS 255 COMPUTE STATISTICS 
  STORAGE(INITIAL 65536 NEXT 1048576 MINEXTENTS 1 MAXEXTENTS 2147483645
  PCTINCREASE 0 FREELISTS 1 FREELIST GROUPS 1 BUFFER_POOL DEFAULT FLASH_CACHE DEFAULT CELL_FLASH_CACHE DEFAULT)
  TABLESPACE "USERS" ;
--------------------------------------------------------
--  DDL for Index SYS_C007536
--------------------------------------------------------

  CREATE UNIQUE INDEX "EVENTOS_DW_G02"."SYS_C007536" ON "EVENTOS_DW_G02"."R_TRANS_CLUSTER" ("ID_TRANS_CLUSTER") 
  PCTFREE 10 INITRANS 2 MAXTRANS 255 COMPUTE STATISTICS 
  STORAGE(INITIAL 65536 NEXT 1048576 MINEXTENTS 1 MAXEXTENTS 2147483645
  PCTINCREASE 0 FREELISTS 1 FREELIST GROUPS 1 BUFFER_POOL DEFAULT FLASH_CACHE DEFAULT CELL_FLASH_CACHE DEFAULT)
  TABLESPACE "USERS" ;
--------------------------------------------------------
--  DDL for Index SYS_C007537
--------------------------------------------------------

  CREATE UNIQUE INDEX "EVENTOS_DW_G02"."SYS_C007537" ON "EVENTOS_DW_G02"."R_TRANS_HOP" ("ID_TRANS_HOP") 
  PCTFREE 10 INITRANS 2 MAXTRANS 255 COMPUTE STATISTICS 
  STORAGE(INITIAL 65536 NEXT 1048576 MINEXTENTS 1 MAXEXTENTS 2147483645
  PCTINCREASE 0 FREELISTS 1 FREELIST GROUPS 1 BUFFER_POOL DEFAULT FLASH_CACHE DEFAULT CELL_FLASH_CACHE DEFAULT)
  TABLESPACE "USERS" ;
--------------------------------------------------------
--  DDL for Index SYS_C007538
--------------------------------------------------------

  CREATE UNIQUE INDEX "EVENTOS_DW_G02"."SYS_C007538" ON "EVENTOS_DW_G02"."R_CONDITION" ("ID_CONDITION") 
  PCTFREE 10 INITRANS 2 MAXTRANS 255 COMPUTE STATISTICS 
  STORAGE(INITIAL 65536 NEXT 1048576 MINEXTENTS 1 MAXEXTENTS 2147483645
  PCTINCREASE 0 FREELISTS 1 FREELIST GROUPS 1 BUFFER_POOL DEFAULT FLASH_CACHE DEFAULT CELL_FLASH_CACHE DEFAULT)
  TABLESPACE "USERS" ;
--------------------------------------------------------
--  DDL for Index SYS_C007539
--------------------------------------------------------

  CREATE UNIQUE INDEX "EVENTOS_DW_G02"."SYS_C007539" ON "EVENTOS_DW_G02"."R_VALUE" ("ID_VALUE") 
  PCTFREE 10 INITRANS 2 MAXTRANS 255 COMPUTE STATISTICS 
  STORAGE(INITIAL 65536 NEXT 1048576 MINEXTENTS 1 MAXEXTENTS 2147483645
  PCTINCREASE 0 FREELISTS 1 FREELIST GROUPS 1 BUFFER_POOL DEFAULT FLASH_CACHE DEFAULT CELL_FLASH_CACHE DEFAULT)
  TABLESPACE "USERS" ;
--------------------------------------------------------
--  DDL for Index SYS_C007540
--------------------------------------------------------

  CREATE UNIQUE INDEX "EVENTOS_DW_G02"."SYS_C007540" ON "EVENTOS_DW_G02"."R_STEP_TYPE" ("ID_STEP_TYPE") 
  PCTFREE 10 INITRANS 2 MAXTRANS 255 COMPUTE STATISTICS 
  STORAGE(INITIAL 65536 NEXT 1048576 MINEXTENTS 1 MAXEXTENTS 2147483645
  PCTINCREASE 0 FREELISTS 1 FREELIST GROUPS 1 BUFFER_POOL DEFAULT FLASH_CACHE DEFAULT CELL_FLASH_CACHE DEFAULT)
  TABLESPACE "USERS" ;
--------------------------------------------------------
--  DDL for Index SYS_C007541
--------------------------------------------------------

  CREATE UNIQUE INDEX "EVENTOS_DW_G02"."SYS_C007541" ON "EVENTOS_DW_G02"."R_STEP" ("ID_STEP") 
  PCTFREE 10 INITRANS 2 MAXTRANS 255 COMPUTE STATISTICS 
  STORAGE(INITIAL 65536 NEXT 1048576 MINEXTENTS 1 MAXEXTENTS 2147483645
  PCTINCREASE 0 FREELISTS 1 FREELIST GROUPS 1 BUFFER_POOL DEFAULT FLASH_CACHE DEFAULT CELL_FLASH_CACHE DEFAULT)
  TABLESPACE "USERS" ;
--------------------------------------------------------
--  DDL for Index SYS_C007542
--------------------------------------------------------

  CREATE UNIQUE INDEX "EVENTOS_DW_G02"."SYS_C007542" ON "EVENTOS_DW_G02"."R_STEP_ATTRIBUTE" ("ID_STEP_ATTRIBUTE") 
  PCTFREE 10 INITRANS 2 MAXTRANS 255 COMPUTE STATISTICS 
  STORAGE(INITIAL 65536 NEXT 1048576 MINEXTENTS 1 MAXEXTENTS 2147483645
  PCTINCREASE 0 FREELISTS 1 FREELIST GROUPS 1 BUFFER_POOL DEFAULT FLASH_CACHE DEFAULT CELL_FLASH_CACHE DEFAULT)
  TABLESPACE "USERS" ;
--------------------------------------------------------
--  DDL for Index SYS_C007543
--------------------------------------------------------

  CREATE UNIQUE INDEX "EVENTOS_DW_G02"."SYS_C007543" ON "EVENTOS_DW_G02"."R_LOGLEVEL" ("ID_LOGLEVEL") 
  PCTFREE 10 INITRANS 2 MAXTRANS 255 COMPUTE STATISTICS 
  STORAGE(INITIAL 65536 NEXT 1048576 MINEXTENTS 1 MAXEXTENTS 2147483645
  PCTINCREASE 0 FREELISTS 1 FREELIST GROUPS 1 BUFFER_POOL DEFAULT FLASH_CACHE DEFAULT CELL_FLASH_CACHE DEFAULT)
  TABLESPACE "USERS" ;
--------------------------------------------------------
--  DDL for Index SYS_C007544
--------------------------------------------------------

  CREATE UNIQUE INDEX "EVENTOS_DW_G02"."SYS_C007544" ON "EVENTOS_DW_G02"."R_LOG" ("ID_LOG") 
  PCTFREE 10 INITRANS 2 MAXTRANS 255 COMPUTE STATISTICS 
  STORAGE(INITIAL 65536 NEXT 1048576 MINEXTENTS 1 MAXEXTENTS 2147483645
  PCTINCREASE 0 FREELISTS 1 FREELIST GROUPS 1 BUFFER_POOL DEFAULT FLASH_CACHE DEFAULT CELL_FLASH_CACHE DEFAULT)
  TABLESPACE "USERS" ;
--------------------------------------------------------
--  DDL for Index SYS_C007545
--------------------------------------------------------

  CREATE UNIQUE INDEX "EVENTOS_DW_G02"."SYS_C007545" ON "EVENTOS_DW_G02"."R_JOB" ("ID_JOB") 
  PCTFREE 10 INITRANS 2 MAXTRANS 255 COMPUTE STATISTICS 
  STORAGE(INITIAL 65536 NEXT 1048576 MINEXTENTS 1 MAXEXTENTS 2147483645
  PCTINCREASE 0 FREELISTS 1 FREELIST GROUPS 1 BUFFER_POOL DEFAULT FLASH_CACHE DEFAULT CELL_FLASH_CACHE DEFAULT)
  TABLESPACE "USERS" ;
--------------------------------------------------------
--  DDL for Index SYS_C007546
--------------------------------------------------------

  CREATE UNIQUE INDEX "EVENTOS_DW_G02"."SYS_C007546" ON "EVENTOS_DW_G02"."R_JOBENTRY_TYPE" ("ID_JOBENTRY_TYPE") 
  PCTFREE 10 INITRANS 2 MAXTRANS 255 COMPUTE STATISTICS 
  STORAGE(INITIAL 65536 NEXT 1048576 MINEXTENTS 1 MAXEXTENTS 2147483645
  PCTINCREASE 0 FREELISTS 1 FREELIST GROUPS 1 BUFFER_POOL DEFAULT FLASH_CACHE DEFAULT CELL_FLASH_CACHE DEFAULT)
  TABLESPACE "USERS" ;
--------------------------------------------------------
--  DDL for Index SYS_C007547
--------------------------------------------------------

  CREATE UNIQUE INDEX "EVENTOS_DW_G02"."SYS_C007547" ON "EVENTOS_DW_G02"."R_JOBENTRY" ("ID_JOBENTRY") 
  PCTFREE 10 INITRANS 2 MAXTRANS 255 COMPUTE STATISTICS 
  STORAGE(INITIAL 65536 NEXT 1048576 MINEXTENTS 1 MAXEXTENTS 2147483645
  PCTINCREASE 0 FREELISTS 1 FREELIST GROUPS 1 BUFFER_POOL DEFAULT FLASH_CACHE DEFAULT CELL_FLASH_CACHE DEFAULT)
  TABLESPACE "USERS" ;
--------------------------------------------------------
--  DDL for Index SYS_C007548
--------------------------------------------------------

  CREATE UNIQUE INDEX "EVENTOS_DW_G02"."SYS_C007548" ON "EVENTOS_DW_G02"."R_JOBENTRY_COPY" ("ID_JOBENTRY_COPY") 
  PCTFREE 10 INITRANS 2 MAXTRANS 255 COMPUTE STATISTICS 
  STORAGE(INITIAL 65536 NEXT 1048576 MINEXTENTS 1 MAXEXTENTS 2147483645
  PCTINCREASE 0 FREELISTS 1 FREELIST GROUPS 1 BUFFER_POOL DEFAULT FLASH_CACHE DEFAULT CELL_FLASH_CACHE DEFAULT)
  TABLESPACE "USERS" ;
--------------------------------------------------------
--  DDL for Index SYS_C007549
--------------------------------------------------------

  CREATE UNIQUE INDEX "EVENTOS_DW_G02"."SYS_C007549" ON "EVENTOS_DW_G02"."R_JOBENTRY_ATTRIBUTE" ("ID_JOBENTRY_ATTRIBUTE") 
  PCTFREE 10 INITRANS 2 MAXTRANS 255 COMPUTE STATISTICS 
  STORAGE(INITIAL 65536 NEXT 1048576 MINEXTENTS 1 MAXEXTENTS 2147483645
  PCTINCREASE 0 FREELISTS 1 FREELIST GROUPS 1 BUFFER_POOL DEFAULT FLASH_CACHE DEFAULT CELL_FLASH_CACHE DEFAULT)
  TABLESPACE "USERS" ;
--------------------------------------------------------
--  DDL for Index SYS_C007550
--------------------------------------------------------

  CREATE UNIQUE INDEX "EVENTOS_DW_G02"."SYS_C007550" ON "EVENTOS_DW_G02"."R_JOB_HOP" ("ID_JOB_HOP") 
  PCTFREE 10 INITRANS 2 MAXTRANS 255 COMPUTE STATISTICS 
  STORAGE(INITIAL 65536 NEXT 1048576 MINEXTENTS 1 MAXEXTENTS 2147483645
  PCTINCREASE 0 FREELISTS 1 FREELIST GROUPS 1 BUFFER_POOL DEFAULT FLASH_CACHE DEFAULT CELL_FLASH_CACHE DEFAULT)
  TABLESPACE "USERS" ;
--------------------------------------------------------
--  DDL for Index SYS_C007551
--------------------------------------------------------

  CREATE UNIQUE INDEX "EVENTOS_DW_G02"."SYS_C007551" ON "EVENTOS_DW_G02"."R_TRANS_LOCK" ("ID_TRANS_LOCK") 
  PCTFREE 10 INITRANS 2 MAXTRANS 255 COMPUTE STATISTICS 
  STORAGE(INITIAL 65536 NEXT 1048576 MINEXTENTS 1 MAXEXTENTS 2147483645
  PCTINCREASE 0 FREELISTS 1 FREELIST GROUPS 1 BUFFER_POOL DEFAULT FLASH_CACHE DEFAULT CELL_FLASH_CACHE DEFAULT)
  TABLESPACE "USERS" ;
--------------------------------------------------------
--  DDL for Index SYS_C007552
--------------------------------------------------------

  CREATE UNIQUE INDEX "EVENTOS_DW_G02"."SYS_C007552" ON "EVENTOS_DW_G02"."R_JOB_LOCK" ("ID_JOB_LOCK") 
  PCTFREE 10 INITRANS 2 MAXTRANS 255 COMPUTE STATISTICS 
  STORAGE(INITIAL 65536 NEXT 1048576 MINEXTENTS 1 MAXEXTENTS 2147483645
  PCTINCREASE 0 FREELISTS 1 FREELIST GROUPS 1 BUFFER_POOL DEFAULT FLASH_CACHE DEFAULT CELL_FLASH_CACHE DEFAULT)
  TABLESPACE "USERS" ;
--------------------------------------------------------
--  DDL for Index SYS_C007553
--------------------------------------------------------

  CREATE UNIQUE INDEX "EVENTOS_DW_G02"."SYS_C007553" ON "EVENTOS_DW_G02"."R_NAMESPACE" ("ID_NAMESPACE") 
  PCTFREE 10 INITRANS 2 MAXTRANS 255 COMPUTE STATISTICS 
  STORAGE(INITIAL 65536 NEXT 1048576 MINEXTENTS 1 MAXEXTENTS 2147483645
  PCTINCREASE 0 FREELISTS 1 FREELIST GROUPS 1 BUFFER_POOL DEFAULT FLASH_CACHE DEFAULT CELL_FLASH_CACHE DEFAULT)
  TABLESPACE "USERS" ;
--------------------------------------------------------
--  DDL for Index SYS_C007554
--------------------------------------------------------

  CREATE UNIQUE INDEX "EVENTOS_DW_G02"."SYS_C007554" ON "EVENTOS_DW_G02"."R_ELEMENT_TYPE" ("ID_ELEMENT_TYPE") 
  PCTFREE 10 INITRANS 2 MAXTRANS 255 COMPUTE STATISTICS 
  STORAGE(INITIAL 65536 NEXT 1048576 MINEXTENTS 1 MAXEXTENTS 2147483645
  PCTINCREASE 0 FREELISTS 1 FREELIST GROUPS 1 BUFFER_POOL DEFAULT FLASH_CACHE DEFAULT CELL_FLASH_CACHE DEFAULT)
  TABLESPACE "USERS" ;
--------------------------------------------------------
--  DDL for Index SYS_C007555
--------------------------------------------------------

  CREATE UNIQUE INDEX "EVENTOS_DW_G02"."SYS_C007555" ON "EVENTOS_DW_G02"."R_ELEMENT" ("ID_ELEMENT") 
  PCTFREE 10 INITRANS 2 MAXTRANS 255 COMPUTE STATISTICS 
  STORAGE(INITIAL 65536 NEXT 1048576 MINEXTENTS 1 MAXEXTENTS 2147483645
  PCTINCREASE 0 FREELISTS 1 FREELIST GROUPS 1 BUFFER_POOL DEFAULT FLASH_CACHE DEFAULT CELL_FLASH_CACHE DEFAULT)
  TABLESPACE "USERS" ;
--------------------------------------------------------
--  DDL for Index SYS_C007556
--------------------------------------------------------

  CREATE UNIQUE INDEX "EVENTOS_DW_G02"."SYS_C007556" ON "EVENTOS_DW_G02"."R_ELEMENT_ATTRIBUTE" ("ID_ELEMENT_ATTRIBUTE") 
  PCTFREE 10 INITRANS 2 MAXTRANS 255 COMPUTE STATISTICS 
  STORAGE(INITIAL 65536 NEXT 1048576 MINEXTENTS 1 MAXEXTENTS 2147483645
  PCTINCREASE 0 FREELISTS 1 FREELIST GROUPS 1 BUFFER_POOL DEFAULT FLASH_CACHE DEFAULT CELL_FLASH_CACHE DEFAULT)
  TABLESPACE "USERS" ;
--------------------------------------------------------
--  DDL for Index SYS_C007557
--------------------------------------------------------

  CREATE UNIQUE INDEX "EVENTOS_DW_G02"."SYS_C007557" ON "EVENTOS_DW_G02"."R_USER" ("ID_USER") 
  PCTFREE 10 INITRANS 2 MAXTRANS 255 COMPUTE STATISTICS 
  STORAGE(INITIAL 65536 NEXT 1048576 MINEXTENTS 1 MAXEXTENTS 2147483645
  PCTINCREASE 0 FREELISTS 1 FREELIST GROUPS 1 BUFFER_POOL DEFAULT FLASH_CACHE DEFAULT CELL_FLASH_CACHE DEFAULT)
  TABLESPACE "USERS" ;
--------------------------------------------------------
--  Constraints for Table DIM_CATEGORIA
--------------------------------------------------------

  ALTER TABLE "EVENTOS_DW_G02"."DIM_CATEGORIA" ADD CONSTRAINT "DIM_CATEGORIA_PK" PRIMARY KEY ("SK_CATEGORIA")
  USING INDEX PCTFREE 10 INITRANS 2 MAXTRANS 255 COMPUTE STATISTICS 
  STORAGE(INITIAL 65536 NEXT 1048576 MINEXTENTS 1 MAXEXTENTS 2147483645
  PCTINCREASE 0 FREELISTS 1 FREELIST GROUPS 1 BUFFER_POOL DEFAULT FLASH_CACHE DEFAULT CELL_FLASH_CACHE DEFAULT)
  TABLESPACE "USERS"  ENABLE;
  ALTER TABLE "EVENTOS_DW_G02"."DIM_CATEGORIA" MODIFY ("SK_CATEGORIA" NOT NULL ENABLE);
--------------------------------------------------------
--  Constraints for Table DIM_CLIENTE
--------------------------------------------------------

  ALTER TABLE "EVENTOS_DW_G02"."DIM_CLIENTE" ADD CONSTRAINT "DIM_CLIENTE_PK" PRIMARY KEY ("SK_CLIENTE")
  USING INDEX PCTFREE 10 INITRANS 2 MAXTRANS 255 COMPUTE STATISTICS 
  STORAGE(INITIAL 65536 NEXT 1048576 MINEXTENTS 1 MAXEXTENTS 2147483645
  PCTINCREASE 0 FREELISTS 1 FREELIST GROUPS 1 BUFFER_POOL DEFAULT FLASH_CACHE DEFAULT CELL_FLASH_CACHE DEFAULT)
  TABLESPACE "USERS"  ENABLE;
  ALTER TABLE "EVENTOS_DW_G02"."DIM_CLIENTE" MODIFY ("SK_CLIENTE" NOT NULL ENABLE);
--------------------------------------------------------
--  Constraints for Table DIM_EVENTO
--------------------------------------------------------

  ALTER TABLE "EVENTOS_DW_G02"."DIM_EVENTO" ADD CONSTRAINT "DIM_EVENTO_PK" PRIMARY KEY ("SK_EVENTO")
  USING INDEX PCTFREE 10 INITRANS 2 MAXTRANS 255 COMPUTE STATISTICS 
  STORAGE(INITIAL 65536 NEXT 1048576 MINEXTENTS 1 MAXEXTENTS 2147483645
  PCTINCREASE 0 FREELISTS 1 FREELIST GROUPS 1 BUFFER_POOL DEFAULT FLASH_CACHE DEFAULT CELL_FLASH_CACHE DEFAULT)
  TABLESPACE "USERS"  ENABLE;
  ALTER TABLE "EVENTOS_DW_G02"."DIM_EVENTO" MODIFY ("SK_EVENTO" NOT NULL ENABLE);
--------------------------------------------------------
--  Constraints for Table DIM_LEYENDA
--------------------------------------------------------

  ALTER TABLE "EVENTOS_DW_G02"."DIM_LEYENDA" ADD CONSTRAINT "DIM_LEYENDA_PK" PRIMARY KEY ("SK_LEYENDA")
  USING INDEX PCTFREE 10 INITRANS 2 MAXTRANS 255 COMPUTE STATISTICS 
  STORAGE(INITIAL 65536 NEXT 1048576 MINEXTENTS 1 MAXEXTENTS 2147483645
  PCTINCREASE 0 FREELISTS 1 FREELIST GROUPS 1 BUFFER_POOL DEFAULT FLASH_CACHE DEFAULT CELL_FLASH_CACHE DEFAULT)
  TABLESPACE "USERS"  ENABLE;
  ALTER TABLE "EVENTOS_DW_G02"."DIM_LEYENDA" MODIFY ("SK_LEYENDA" NOT NULL ENABLE);
--------------------------------------------------------
--  Constraints for Table DIM_SEDE
--------------------------------------------------------

  ALTER TABLE "EVENTOS_DW_G02"."DIM_SEDE" ADD CONSTRAINT "DIM_SEDE_PK" PRIMARY KEY ("SK_SEDE")
  USING INDEX PCTFREE 10 INITRANS 2 MAXTRANS 255 COMPUTE STATISTICS 
  STORAGE(INITIAL 65536 NEXT 1048576 MINEXTENTS 1 MAXEXTENTS 2147483645
  PCTINCREASE 0 FREELISTS 1 FREELIST GROUPS 1 BUFFER_POOL DEFAULT FLASH_CACHE DEFAULT CELL_FLASH_CACHE DEFAULT)
  TABLESPACE "USERS"  ENABLE;
  ALTER TABLE "EVENTOS_DW_G02"."DIM_SEDE" MODIFY ("SK_SEDE" NOT NULL ENABLE);
--------------------------------------------------------
--  Constraints for Table DIM_TIEMPO
--------------------------------------------------------

  ALTER TABLE "EVENTOS_DW_G02"."DIM_TIEMPO" ADD CONSTRAINT "DIM_TIEMPO_PK" PRIMARY KEY ("SK_TIEMPO")
  USING INDEX PCTFREE 10 INITRANS 2 MAXTRANS 255 COMPUTE STATISTICS 
  STORAGE(INITIAL 65536 NEXT 1048576 MINEXTENTS 1 MAXEXTENTS 2147483645
  PCTINCREASE 0 FREELISTS 1 FREELIST GROUPS 1 BUFFER_POOL DEFAULT FLASH_CACHE DEFAULT CELL_FLASH_CACHE DEFAULT)
  TABLESPACE "USERS"  ENABLE;
  ALTER TABLE "EVENTOS_DW_G02"."DIM_TIEMPO" MODIFY ("SK_TIEMPO" NOT NULL ENABLE);
--------------------------------------------------------
--  Constraints for Table DIM_TIPO_STAND
--------------------------------------------------------

  ALTER TABLE "EVENTOS_DW_G02"."DIM_TIPO_STAND" ADD CONSTRAINT "DIM_TIPO_STAND_PK" PRIMARY KEY ("SK_TIPO_STAND")
  USING INDEX PCTFREE 10 INITRANS 2 MAXTRANS 255 COMPUTE STATISTICS 
  STORAGE(INITIAL 65536 NEXT 1048576 MINEXTENTS 1 MAXEXTENTS 2147483645
  PCTINCREASE 0 FREELISTS 1 FREELIST GROUPS 1 BUFFER_POOL DEFAULT FLASH_CACHE DEFAULT CELL_FLASH_CACHE DEFAULT)
  TABLESPACE "USERS"  ENABLE;
  ALTER TABLE "EVENTOS_DW_G02"."DIM_TIPO_STAND" MODIFY ("SK_TIPO_STAND" NOT NULL ENABLE);
--------------------------------------------------------
--  Constraints for Table DIM_VISITANTE
--------------------------------------------------------

  ALTER TABLE "EVENTOS_DW_G02"."DIM_VISITANTE" ADD CONSTRAINT "DIM_VISITANTE_PK" PRIMARY KEY ("SK_VISITANTE")
  USING INDEX PCTFREE 10 INITRANS 2 MAXTRANS 255 COMPUTE STATISTICS 
  STORAGE(INITIAL 65536 NEXT 1048576 MINEXTENTS 1 MAXEXTENTS 2147483645
  PCTINCREASE 0 FREELISTS 1 FREELIST GROUPS 1 BUFFER_POOL DEFAULT FLASH_CACHE DEFAULT CELL_FLASH_CACHE DEFAULT)
  TABLESPACE "USERS"  ENABLE;
  ALTER TABLE "EVENTOS_DW_G02"."DIM_VISITANTE" MODIFY ("SK_VISITANTE" NOT NULL ENABLE);
--------------------------------------------------------
--  Constraints for Table FACT_ALQUILER
--------------------------------------------------------

  ALTER TABLE "EVENTOS_DW_G02"."FACT_ALQUILER" MODIFY ("NUM_STAND" NOT NULL ENABLE);
  ALTER TABLE "EVENTOS_DW_G02"."FACT_ALQUILER" ADD CONSTRAINT "FACT_ALQUILER_PK" PRIMARY KEY ("SK_EVENTO", "SK_CLIENTE", "SK_FEC_ALQUILER", "SK_TIPO_STAND", "SK_CATEGORIA", "NUM_STAND")
  USING INDEX PCTFREE 10 INITRANS 2 MAXTRANS 255 COMPUTE STATISTICS 
  STORAGE(INITIAL 65536 NEXT 1048576 MINEXTENTS 1 MAXEXTENTS 2147483645
  PCTINCREASE 0 FREELISTS 1 FREELIST GROUPS 1 BUFFER_POOL DEFAULT FLASH_CACHE DEFAULT CELL_FLASH_CACHE DEFAULT)
  TABLESPACE "USERS"  ENABLE;
  ALTER TABLE "EVENTOS_DW_G02"."FACT_ALQUILER" MODIFY ("SK_CATEGORIA" NOT NULL ENABLE);
  ALTER TABLE "EVENTOS_DW_G02"."FACT_ALQUILER" MODIFY ("SK_TIPO_STAND" NOT NULL ENABLE);
  ALTER TABLE "EVENTOS_DW_G02"."FACT_ALQUILER" MODIFY ("SK_FEC_ALQUILER" NOT NULL ENABLE);
  ALTER TABLE "EVENTOS_DW_G02"."FACT_ALQUILER" MODIFY ("SK_CLIENTE" NOT NULL ENABLE);
  ALTER TABLE "EVENTOS_DW_G02"."FACT_ALQUILER" MODIFY ("SK_EVENTO" NOT NULL ENABLE);
--------------------------------------------------------
--  Constraints for Table FACT_EVENTO
--------------------------------------------------------

  ALTER TABLE "EVENTOS_DW_G02"."FACT_EVENTO" ADD CONSTRAINT "FACT_EVENTO_PK" PRIMARY KEY ("SK_EVENTO", "SK_SEDE", "SK_FEC_EVENTO")
  USING INDEX PCTFREE 10 INITRANS 2 MAXTRANS 255 COMPUTE STATISTICS 
  STORAGE(INITIAL 65536 NEXT 1048576 MINEXTENTS 1 MAXEXTENTS 2147483645
  PCTINCREASE 0 FREELISTS 1 FREELIST GROUPS 1 BUFFER_POOL DEFAULT FLASH_CACHE DEFAULT CELL_FLASH_CACHE DEFAULT)
  TABLESPACE "USERS"  ENABLE;
  ALTER TABLE "EVENTOS_DW_G02"."FACT_EVENTO" MODIFY ("SK_FEC_EVENTO" NOT NULL ENABLE);
  ALTER TABLE "EVENTOS_DW_G02"."FACT_EVENTO" MODIFY ("SK_SEDE" NOT NULL ENABLE);
  ALTER TABLE "EVENTOS_DW_G02"."FACT_EVENTO" MODIFY ("SK_EVENTO" NOT NULL ENABLE);
--------------------------------------------------------
--  Constraints for Table FACT_EVENTO_STAND
--------------------------------------------------------

  ALTER TABLE "EVENTOS_DW_G02"."FACT_EVENTO_STAND" ADD CONSTRAINT "FACT_EVENTO_STAND_PK" PRIMARY KEY ("SK_EVENTO", "SK_TIPO_STAND")
  USING INDEX PCTFREE 10 INITRANS 2 MAXTRANS 255 COMPUTE STATISTICS 
  STORAGE(INITIAL 65536 NEXT 1048576 MINEXTENTS 1 MAXEXTENTS 2147483645
  PCTINCREASE 0 FREELISTS 1 FREELIST GROUPS 1 BUFFER_POOL DEFAULT FLASH_CACHE DEFAULT CELL_FLASH_CACHE DEFAULT)
  TABLESPACE "USERS"  ENABLE;
  ALTER TABLE "EVENTOS_DW_G02"."FACT_EVENTO_STAND" MODIFY ("SK_TIPO_STAND" NOT NULL ENABLE);
  ALTER TABLE "EVENTOS_DW_G02"."FACT_EVENTO_STAND" MODIFY ("SK_EVENTO" NOT NULL ENABLE);
--------------------------------------------------------
--  Constraints for Table FACT_VISITA
--------------------------------------------------------

  ALTER TABLE "EVENTOS_DW_G02"."FACT_VISITA" ADD CONSTRAINT "FACT_VISITA_PK" PRIMARY KEY ("SK_EVENTO", "SK_VISITANTE", "SK_FEC_ENTRADA", "SK_LEYENDA_ESTRELLAS", "NUM_ENTRADA")
  USING INDEX PCTFREE 10 INITRANS 2 MAXTRANS 255 COMPUTE STATISTICS 
  STORAGE(INITIAL 65536 NEXT 1048576 MINEXTENTS 1 MAXEXTENTS 2147483645
  PCTINCREASE 0 FREELISTS 1 FREELIST GROUPS 1 BUFFER_POOL DEFAULT FLASH_CACHE DEFAULT CELL_FLASH_CACHE DEFAULT)
  TABLESPACE "USERS"  ENABLE;
  ALTER TABLE "EVENTOS_DW_G02"."FACT_VISITA" MODIFY ("NUM_ENTRADA" NOT NULL ENABLE);
  ALTER TABLE "EVENTOS_DW_G02"."FACT_VISITA" MODIFY ("SK_LEYENDA_ESTRELLAS" NOT NULL ENABLE);
  ALTER TABLE "EVENTOS_DW_G02"."FACT_VISITA" MODIFY ("SK_FEC_ENTRADA" NOT NULL ENABLE);
  ALTER TABLE "EVENTOS_DW_G02"."FACT_VISITA" MODIFY ("SK_VISITANTE" NOT NULL ENABLE);
  ALTER TABLE "EVENTOS_DW_G02"."FACT_VISITA" MODIFY ("SK_EVENTO" NOT NULL ENABLE);
--------------------------------------------------------
--  Constraints for Table R_CLUSTER
--------------------------------------------------------

  ALTER TABLE "EVENTOS_DW_G02"."R_CLUSTER" ADD PRIMARY KEY ("ID_CLUSTER")
  USING INDEX PCTFREE 10 INITRANS 2 MAXTRANS 255 COMPUTE STATISTICS 
  STORAGE(INITIAL 65536 NEXT 1048576 MINEXTENTS 1 MAXEXTENTS 2147483645
  PCTINCREASE 0 FREELISTS 1 FREELIST GROUPS 1 BUFFER_POOL DEFAULT FLASH_CACHE DEFAULT CELL_FLASH_CACHE DEFAULT)
  TABLESPACE "USERS"  ENABLE;
--------------------------------------------------------
--  Constraints for Table R_CLUSTER_SLAVE
--------------------------------------------------------

  ALTER TABLE "EVENTOS_DW_G02"."R_CLUSTER_SLAVE" ADD PRIMARY KEY ("ID_CLUSTER_SLAVE")
  USING INDEX PCTFREE 10 INITRANS 2 MAXTRANS 255 COMPUTE STATISTICS 
  STORAGE(INITIAL 65536 NEXT 1048576 MINEXTENTS 1 MAXEXTENTS 2147483645
  PCTINCREASE 0 FREELISTS 1 FREELIST GROUPS 1 BUFFER_POOL DEFAULT FLASH_CACHE DEFAULT CELL_FLASH_CACHE DEFAULT)
  TABLESPACE "USERS"  ENABLE;
--------------------------------------------------------
--  Constraints for Table R_CONDITION
--------------------------------------------------------

  ALTER TABLE "EVENTOS_DW_G02"."R_CONDITION" ADD PRIMARY KEY ("ID_CONDITION")
  USING INDEX PCTFREE 10 INITRANS 2 MAXTRANS 255 COMPUTE STATISTICS 
  STORAGE(INITIAL 65536 NEXT 1048576 MINEXTENTS 1 MAXEXTENTS 2147483645
  PCTINCREASE 0 FREELISTS 1 FREELIST GROUPS 1 BUFFER_POOL DEFAULT FLASH_CACHE DEFAULT CELL_FLASH_CACHE DEFAULT)
  TABLESPACE "USERS"  ENABLE;
--------------------------------------------------------
--  Constraints for Table R_DATABASE
--------------------------------------------------------

  ALTER TABLE "EVENTOS_DW_G02"."R_DATABASE" ADD PRIMARY KEY ("ID_DATABASE")
  USING INDEX PCTFREE 10 INITRANS 2 MAXTRANS 255 COMPUTE STATISTICS 
  STORAGE(INITIAL 65536 NEXT 1048576 MINEXTENTS 1 MAXEXTENTS 2147483645
  PCTINCREASE 0 FREELISTS 1 FREELIST GROUPS 1 BUFFER_POOL DEFAULT FLASH_CACHE DEFAULT CELL_FLASH_CACHE DEFAULT)
  TABLESPACE "USERS"  ENABLE;
--------------------------------------------------------
--  Constraints for Table R_DATABASE_ATTRIBUTE
--------------------------------------------------------

  ALTER TABLE "EVENTOS_DW_G02"."R_DATABASE_ATTRIBUTE" ADD PRIMARY KEY ("ID_DATABASE_ATTRIBUTE")
  USING INDEX PCTFREE 10 INITRANS 2 MAXTRANS 255 COMPUTE STATISTICS 
  STORAGE(INITIAL 65536 NEXT 1048576 MINEXTENTS 1 MAXEXTENTS 2147483645
  PCTINCREASE 0 FREELISTS 1 FREELIST GROUPS 1 BUFFER_POOL DEFAULT FLASH_CACHE DEFAULT CELL_FLASH_CACHE DEFAULT)
  TABLESPACE "USERS"  ENABLE;
--------------------------------------------------------
--  Constraints for Table R_DATABASE_CONTYPE
--------------------------------------------------------

  ALTER TABLE "EVENTOS_DW_G02"."R_DATABASE_CONTYPE" ADD PRIMARY KEY ("ID_DATABASE_CONTYPE")
  USING INDEX PCTFREE 10 INITRANS 2 MAXTRANS 255 COMPUTE STATISTICS 
  STORAGE(INITIAL 65536 NEXT 1048576 MINEXTENTS 1 MAXEXTENTS 2147483645
  PCTINCREASE 0 FREELISTS 1 FREELIST GROUPS 1 BUFFER_POOL DEFAULT FLASH_CACHE DEFAULT CELL_FLASH_CACHE DEFAULT)
  TABLESPACE "USERS"  ENABLE;
--------------------------------------------------------
--  Constraints for Table R_DATABASE_TYPE
--------------------------------------------------------

  ALTER TABLE "EVENTOS_DW_G02"."R_DATABASE_TYPE" ADD PRIMARY KEY ("ID_DATABASE_TYPE")
  USING INDEX PCTFREE 10 INITRANS 2 MAXTRANS 255 COMPUTE STATISTICS 
  STORAGE(INITIAL 65536 NEXT 1048576 MINEXTENTS 1 MAXEXTENTS 2147483645
  PCTINCREASE 0 FREELISTS 1 FREELIST GROUPS 1 BUFFER_POOL DEFAULT FLASH_CACHE DEFAULT CELL_FLASH_CACHE DEFAULT)
  TABLESPACE "USERS"  ENABLE;
--------------------------------------------------------
--  Constraints for Table R_DEPENDENCY
--------------------------------------------------------

  ALTER TABLE "EVENTOS_DW_G02"."R_DEPENDENCY" ADD PRIMARY KEY ("ID_DEPENDENCY")
  USING INDEX PCTFREE 10 INITRANS 2 MAXTRANS 255 COMPUTE STATISTICS 
  STORAGE(INITIAL 65536 NEXT 1048576 MINEXTENTS 1 MAXEXTENTS 2147483645
  PCTINCREASE 0 FREELISTS 1 FREELIST GROUPS 1 BUFFER_POOL DEFAULT FLASH_CACHE DEFAULT CELL_FLASH_CACHE DEFAULT)
  TABLESPACE "USERS"  ENABLE;
--------------------------------------------------------
--  Constraints for Table R_DIRECTORY
--------------------------------------------------------

  ALTER TABLE "EVENTOS_DW_G02"."R_DIRECTORY" ADD PRIMARY KEY ("ID_DIRECTORY")
  USING INDEX PCTFREE 10 INITRANS 2 MAXTRANS 255 COMPUTE STATISTICS 
  STORAGE(INITIAL 65536 NEXT 1048576 MINEXTENTS 1 MAXEXTENTS 2147483645
  PCTINCREASE 0 FREELISTS 1 FREELIST GROUPS 1 BUFFER_POOL DEFAULT FLASH_CACHE DEFAULT CELL_FLASH_CACHE DEFAULT)
  TABLESPACE "USERS"  ENABLE;
--------------------------------------------------------
--  Constraints for Table R_ELEMENT
--------------------------------------------------------

  ALTER TABLE "EVENTOS_DW_G02"."R_ELEMENT" ADD PRIMARY KEY ("ID_ELEMENT")
  USING INDEX PCTFREE 10 INITRANS 2 MAXTRANS 255 COMPUTE STATISTICS 
  STORAGE(INITIAL 65536 NEXT 1048576 MINEXTENTS 1 MAXEXTENTS 2147483645
  PCTINCREASE 0 FREELISTS 1 FREELIST GROUPS 1 BUFFER_POOL DEFAULT FLASH_CACHE DEFAULT CELL_FLASH_CACHE DEFAULT)
  TABLESPACE "USERS"  ENABLE;
--------------------------------------------------------
--  Constraints for Table R_ELEMENT_ATTRIBUTE
--------------------------------------------------------

  ALTER TABLE "EVENTOS_DW_G02"."R_ELEMENT_ATTRIBUTE" ADD PRIMARY KEY ("ID_ELEMENT_ATTRIBUTE")
  USING INDEX PCTFREE 10 INITRANS 2 MAXTRANS 255 COMPUTE STATISTICS 
  STORAGE(INITIAL 65536 NEXT 1048576 MINEXTENTS 1 MAXEXTENTS 2147483645
  PCTINCREASE 0 FREELISTS 1 FREELIST GROUPS 1 BUFFER_POOL DEFAULT FLASH_CACHE DEFAULT CELL_FLASH_CACHE DEFAULT)
  TABLESPACE "USERS"  ENABLE;
--------------------------------------------------------
--  Constraints for Table R_ELEMENT_TYPE
--------------------------------------------------------

  ALTER TABLE "EVENTOS_DW_G02"."R_ELEMENT_TYPE" ADD PRIMARY KEY ("ID_ELEMENT_TYPE")
  USING INDEX PCTFREE 10 INITRANS 2 MAXTRANS 255 COMPUTE STATISTICS 
  STORAGE(INITIAL 65536 NEXT 1048576 MINEXTENTS 1 MAXEXTENTS 2147483645
  PCTINCREASE 0 FREELISTS 1 FREELIST GROUPS 1 BUFFER_POOL DEFAULT FLASH_CACHE DEFAULT CELL_FLASH_CACHE DEFAULT)
  TABLESPACE "USERS"  ENABLE;
--------------------------------------------------------
--  Constraints for Table R_JOB
--------------------------------------------------------

  ALTER TABLE "EVENTOS_DW_G02"."R_JOB" ADD PRIMARY KEY ("ID_JOB")
  USING INDEX PCTFREE 10 INITRANS 2 MAXTRANS 255 COMPUTE STATISTICS 
  STORAGE(INITIAL 65536 NEXT 1048576 MINEXTENTS 1 MAXEXTENTS 2147483645
  PCTINCREASE 0 FREELISTS 1 FREELIST GROUPS 1 BUFFER_POOL DEFAULT FLASH_CACHE DEFAULT CELL_FLASH_CACHE DEFAULT)
  TABLESPACE "USERS"  ENABLE;
--------------------------------------------------------
--  Constraints for Table R_JOBENTRY
--------------------------------------------------------

  ALTER TABLE "EVENTOS_DW_G02"."R_JOBENTRY" ADD PRIMARY KEY ("ID_JOBENTRY")
  USING INDEX PCTFREE 10 INITRANS 2 MAXTRANS 255 COMPUTE STATISTICS 
  STORAGE(INITIAL 65536 NEXT 1048576 MINEXTENTS 1 MAXEXTENTS 2147483645
  PCTINCREASE 0 FREELISTS 1 FREELIST GROUPS 1 BUFFER_POOL DEFAULT FLASH_CACHE DEFAULT CELL_FLASH_CACHE DEFAULT)
  TABLESPACE "USERS"  ENABLE;
--------------------------------------------------------
--  Constraints for Table R_JOBENTRY_ATTRIBUTE
--------------------------------------------------------

  ALTER TABLE "EVENTOS_DW_G02"."R_JOBENTRY_ATTRIBUTE" ADD PRIMARY KEY ("ID_JOBENTRY_ATTRIBUTE")
  USING INDEX PCTFREE 10 INITRANS 2 MAXTRANS 255 COMPUTE STATISTICS 
  STORAGE(INITIAL 65536 NEXT 1048576 MINEXTENTS 1 MAXEXTENTS 2147483645
  PCTINCREASE 0 FREELISTS 1 FREELIST GROUPS 1 BUFFER_POOL DEFAULT FLASH_CACHE DEFAULT CELL_FLASH_CACHE DEFAULT)
  TABLESPACE "USERS"  ENABLE;
--------------------------------------------------------
--  Constraints for Table R_JOBENTRY_COPY
--------------------------------------------------------

  ALTER TABLE "EVENTOS_DW_G02"."R_JOBENTRY_COPY" ADD PRIMARY KEY ("ID_JOBENTRY_COPY")
  USING INDEX PCTFREE 10 INITRANS 2 MAXTRANS 255 COMPUTE STATISTICS 
  STORAGE(INITIAL 65536 NEXT 1048576 MINEXTENTS 1 MAXEXTENTS 2147483645
  PCTINCREASE 0 FREELISTS 1 FREELIST GROUPS 1 BUFFER_POOL DEFAULT FLASH_CACHE DEFAULT CELL_FLASH_CACHE DEFAULT)
  TABLESPACE "USERS"  ENABLE;
--------------------------------------------------------
--  Constraints for Table R_JOBENTRY_TYPE
--------------------------------------------------------

  ALTER TABLE "EVENTOS_DW_G02"."R_JOBENTRY_TYPE" ADD PRIMARY KEY ("ID_JOBENTRY_TYPE")
  USING INDEX PCTFREE 10 INITRANS 2 MAXTRANS 255 COMPUTE STATISTICS 
  STORAGE(INITIAL 65536 NEXT 1048576 MINEXTENTS 1 MAXEXTENTS 2147483645
  PCTINCREASE 0 FREELISTS 1 FREELIST GROUPS 1 BUFFER_POOL DEFAULT FLASH_CACHE DEFAULT CELL_FLASH_CACHE DEFAULT)
  TABLESPACE "USERS"  ENABLE;
--------------------------------------------------------
--  Constraints for Table R_JOB_ATTRIBUTE
--------------------------------------------------------

  ALTER TABLE "EVENTOS_DW_G02"."R_JOB_ATTRIBUTE" ADD PRIMARY KEY ("ID_JOB_ATTRIBUTE")
  USING INDEX PCTFREE 10 INITRANS 2 MAXTRANS 255 COMPUTE STATISTICS 
  STORAGE(INITIAL 65536 NEXT 1048576 MINEXTENTS 1 MAXEXTENTS 2147483645
  PCTINCREASE 0 FREELISTS 1 FREELIST GROUPS 1 BUFFER_POOL DEFAULT FLASH_CACHE DEFAULT CELL_FLASH_CACHE DEFAULT)
  TABLESPACE "USERS"  ENABLE;
--------------------------------------------------------
--  Constraints for Table R_JOB_HOP
--------------------------------------------------------

  ALTER TABLE "EVENTOS_DW_G02"."R_JOB_HOP" ADD PRIMARY KEY ("ID_JOB_HOP")
  USING INDEX PCTFREE 10 INITRANS 2 MAXTRANS 255 COMPUTE STATISTICS 
  STORAGE(INITIAL 65536 NEXT 1048576 MINEXTENTS 1 MAXEXTENTS 2147483645
  PCTINCREASE 0 FREELISTS 1 FREELIST GROUPS 1 BUFFER_POOL DEFAULT FLASH_CACHE DEFAULT CELL_FLASH_CACHE DEFAULT)
  TABLESPACE "USERS"  ENABLE;
--------------------------------------------------------
--  Constraints for Table R_JOB_LOCK
--------------------------------------------------------

  ALTER TABLE "EVENTOS_DW_G02"."R_JOB_LOCK" ADD PRIMARY KEY ("ID_JOB_LOCK")
  USING INDEX PCTFREE 10 INITRANS 2 MAXTRANS 255 COMPUTE STATISTICS 
  STORAGE(INITIAL 65536 NEXT 1048576 MINEXTENTS 1 MAXEXTENTS 2147483645
  PCTINCREASE 0 FREELISTS 1 FREELIST GROUPS 1 BUFFER_POOL DEFAULT FLASH_CACHE DEFAULT CELL_FLASH_CACHE DEFAULT)
  TABLESPACE "USERS"  ENABLE;
--------------------------------------------------------
--  Constraints for Table R_LOG
--------------------------------------------------------

  ALTER TABLE "EVENTOS_DW_G02"."R_LOG" ADD PRIMARY KEY ("ID_LOG")
  USING INDEX PCTFREE 10 INITRANS 2 MAXTRANS 255 COMPUTE STATISTICS 
  STORAGE(INITIAL 65536 NEXT 1048576 MINEXTENTS 1 MAXEXTENTS 2147483645
  PCTINCREASE 0 FREELISTS 1 FREELIST GROUPS 1 BUFFER_POOL DEFAULT FLASH_CACHE DEFAULT CELL_FLASH_CACHE DEFAULT)
  TABLESPACE "USERS"  ENABLE;
--------------------------------------------------------
--  Constraints for Table R_LOGLEVEL
--------------------------------------------------------

  ALTER TABLE "EVENTOS_DW_G02"."R_LOGLEVEL" ADD PRIMARY KEY ("ID_LOGLEVEL")
  USING INDEX PCTFREE 10 INITRANS 2 MAXTRANS 255 COMPUTE STATISTICS 
  STORAGE(INITIAL 65536 NEXT 1048576 MINEXTENTS 1 MAXEXTENTS 2147483645
  PCTINCREASE 0 FREELISTS 1 FREELIST GROUPS 1 BUFFER_POOL DEFAULT FLASH_CACHE DEFAULT CELL_FLASH_CACHE DEFAULT)
  TABLESPACE "USERS"  ENABLE;
--------------------------------------------------------
--  Constraints for Table R_NAMESPACE
--------------------------------------------------------

  ALTER TABLE "EVENTOS_DW_G02"."R_NAMESPACE" ADD PRIMARY KEY ("ID_NAMESPACE")
  USING INDEX PCTFREE 10 INITRANS 2 MAXTRANS 255 COMPUTE STATISTICS 
  STORAGE(INITIAL 65536 NEXT 1048576 MINEXTENTS 1 MAXEXTENTS 2147483645
  PCTINCREASE 0 FREELISTS 1 FREELIST GROUPS 1 BUFFER_POOL DEFAULT FLASH_CACHE DEFAULT CELL_FLASH_CACHE DEFAULT)
  TABLESPACE "USERS"  ENABLE;
--------------------------------------------------------
--  Constraints for Table R_NOTE
--------------------------------------------------------

  ALTER TABLE "EVENTOS_DW_G02"."R_NOTE" ADD PRIMARY KEY ("ID_NOTE")
  USING INDEX PCTFREE 10 INITRANS 2 MAXTRANS 255 COMPUTE STATISTICS 
  STORAGE(INITIAL 65536 NEXT 1048576 MINEXTENTS 1 MAXEXTENTS 2147483645
  PCTINCREASE 0 FREELISTS 1 FREELIST GROUPS 1 BUFFER_POOL DEFAULT FLASH_CACHE DEFAULT CELL_FLASH_CACHE DEFAULT)
  TABLESPACE "USERS"  ENABLE;
--------------------------------------------------------
--  Constraints for Table R_PARTITION
--------------------------------------------------------

  ALTER TABLE "EVENTOS_DW_G02"."R_PARTITION" ADD PRIMARY KEY ("ID_PARTITION")
  USING INDEX PCTFREE 10 INITRANS 2 MAXTRANS 255 COMPUTE STATISTICS 
  STORAGE(INITIAL 65536 NEXT 1048576 MINEXTENTS 1 MAXEXTENTS 2147483645
  PCTINCREASE 0 FREELISTS 1 FREELIST GROUPS 1 BUFFER_POOL DEFAULT FLASH_CACHE DEFAULT CELL_FLASH_CACHE DEFAULT)
  TABLESPACE "USERS"  ENABLE;
--------------------------------------------------------
--  Constraints for Table R_PARTITION_SCHEMA
--------------------------------------------------------

  ALTER TABLE "EVENTOS_DW_G02"."R_PARTITION_SCHEMA" ADD PRIMARY KEY ("ID_PARTITION_SCHEMA")
  USING INDEX PCTFREE 10 INITRANS 2 MAXTRANS 255 COMPUTE STATISTICS 
  STORAGE(INITIAL 65536 NEXT 1048576 MINEXTENTS 1 MAXEXTENTS 2147483645
  PCTINCREASE 0 FREELISTS 1 FREELIST GROUPS 1 BUFFER_POOL DEFAULT FLASH_CACHE DEFAULT CELL_FLASH_CACHE DEFAULT)
  TABLESPACE "USERS"  ENABLE;
--------------------------------------------------------
--  Constraints for Table R_REPOSITORY_LOG
--------------------------------------------------------

  ALTER TABLE "EVENTOS_DW_G02"."R_REPOSITORY_LOG" ADD PRIMARY KEY ("ID_REPOSITORY_LOG")
  USING INDEX PCTFREE 10 INITRANS 2 MAXTRANS 255 COMPUTE STATISTICS 
  STORAGE(INITIAL 65536 NEXT 1048576 MINEXTENTS 1 MAXEXTENTS 2147483645
  PCTINCREASE 0 FREELISTS 1 FREELIST GROUPS 1 BUFFER_POOL DEFAULT FLASH_CACHE DEFAULT CELL_FLASH_CACHE DEFAULT)
  TABLESPACE "USERS"  ENABLE;
--------------------------------------------------------
--  Constraints for Table R_SLAVE
--------------------------------------------------------

  ALTER TABLE "EVENTOS_DW_G02"."R_SLAVE" ADD PRIMARY KEY ("ID_SLAVE")
  USING INDEX PCTFREE 10 INITRANS 2 MAXTRANS 255 COMPUTE STATISTICS 
  STORAGE(INITIAL 65536 NEXT 1048576 MINEXTENTS 1 MAXEXTENTS 2147483645
  PCTINCREASE 0 FREELISTS 1 FREELIST GROUPS 1 BUFFER_POOL DEFAULT FLASH_CACHE DEFAULT CELL_FLASH_CACHE DEFAULT)
  TABLESPACE "USERS"  ENABLE;
--------------------------------------------------------
--  Constraints for Table R_STEP
--------------------------------------------------------

  ALTER TABLE "EVENTOS_DW_G02"."R_STEP" ADD PRIMARY KEY ("ID_STEP")
  USING INDEX PCTFREE 10 INITRANS 2 MAXTRANS 255 COMPUTE STATISTICS 
  STORAGE(INITIAL 65536 NEXT 1048576 MINEXTENTS 1 MAXEXTENTS 2147483645
  PCTINCREASE 0 FREELISTS 1 FREELIST GROUPS 1 BUFFER_POOL DEFAULT FLASH_CACHE DEFAULT CELL_FLASH_CACHE DEFAULT)
  TABLESPACE "USERS"  ENABLE;
--------------------------------------------------------
--  Constraints for Table R_STEP_ATTRIBUTE
--------------------------------------------------------

  ALTER TABLE "EVENTOS_DW_G02"."R_STEP_ATTRIBUTE" ADD PRIMARY KEY ("ID_STEP_ATTRIBUTE")
  USING INDEX PCTFREE 10 INITRANS 2 MAXTRANS 255 COMPUTE STATISTICS 
  STORAGE(INITIAL 65536 NEXT 1048576 MINEXTENTS 1 MAXEXTENTS 2147483645
  PCTINCREASE 0 FREELISTS 1 FREELIST GROUPS 1 BUFFER_POOL DEFAULT FLASH_CACHE DEFAULT CELL_FLASH_CACHE DEFAULT)
  TABLESPACE "USERS"  ENABLE;
--------------------------------------------------------
--  Constraints for Table R_STEP_TYPE
--------------------------------------------------------

  ALTER TABLE "EVENTOS_DW_G02"."R_STEP_TYPE" ADD PRIMARY KEY ("ID_STEP_TYPE")
  USING INDEX PCTFREE 10 INITRANS 2 MAXTRANS 255 COMPUTE STATISTICS 
  STORAGE(INITIAL 65536 NEXT 1048576 MINEXTENTS 1 MAXEXTENTS 2147483645
  PCTINCREASE 0 FREELISTS 1 FREELIST GROUPS 1 BUFFER_POOL DEFAULT FLASH_CACHE DEFAULT CELL_FLASH_CACHE DEFAULT)
  TABLESPACE "USERS"  ENABLE;
--------------------------------------------------------
--  Constraints for Table R_TRANSFORMATION
--------------------------------------------------------

  ALTER TABLE "EVENTOS_DW_G02"."R_TRANSFORMATION" ADD PRIMARY KEY ("ID_TRANSFORMATION")
  USING INDEX PCTFREE 10 INITRANS 2 MAXTRANS 255 COMPUTE STATISTICS 
  STORAGE(INITIAL 65536 NEXT 1048576 MINEXTENTS 1 MAXEXTENTS 2147483645
  PCTINCREASE 0 FREELISTS 1 FREELIST GROUPS 1 BUFFER_POOL DEFAULT FLASH_CACHE DEFAULT CELL_FLASH_CACHE DEFAULT)
  TABLESPACE "USERS"  ENABLE;
--------------------------------------------------------
--  Constraints for Table R_TRANS_ATTRIBUTE
--------------------------------------------------------

  ALTER TABLE "EVENTOS_DW_G02"."R_TRANS_ATTRIBUTE" ADD PRIMARY KEY ("ID_TRANS_ATTRIBUTE")
  USING INDEX PCTFREE 10 INITRANS 2 MAXTRANS 255 COMPUTE STATISTICS 
  STORAGE(INITIAL 65536 NEXT 1048576 MINEXTENTS 1 MAXEXTENTS 2147483645
  PCTINCREASE 0 FREELISTS 1 FREELIST GROUPS 1 BUFFER_POOL DEFAULT FLASH_CACHE DEFAULT CELL_FLASH_CACHE DEFAULT)
  TABLESPACE "USERS"  ENABLE;
--------------------------------------------------------
--  Constraints for Table R_TRANS_CLUSTER
--------------------------------------------------------

  ALTER TABLE "EVENTOS_DW_G02"."R_TRANS_CLUSTER" ADD PRIMARY KEY ("ID_TRANS_CLUSTER")
  USING INDEX PCTFREE 10 INITRANS 2 MAXTRANS 255 COMPUTE STATISTICS 
  STORAGE(INITIAL 65536 NEXT 1048576 MINEXTENTS 1 MAXEXTENTS 2147483645
  PCTINCREASE 0 FREELISTS 1 FREELIST GROUPS 1 BUFFER_POOL DEFAULT FLASH_CACHE DEFAULT CELL_FLASH_CACHE DEFAULT)
  TABLESPACE "USERS"  ENABLE;
--------------------------------------------------------
--  Constraints for Table R_TRANS_HOP
--------------------------------------------------------

  ALTER TABLE "EVENTOS_DW_G02"."R_TRANS_HOP" ADD PRIMARY KEY ("ID_TRANS_HOP")
  USING INDEX PCTFREE 10 INITRANS 2 MAXTRANS 255 COMPUTE STATISTICS 
  STORAGE(INITIAL 65536 NEXT 1048576 MINEXTENTS 1 MAXEXTENTS 2147483645
  PCTINCREASE 0 FREELISTS 1 FREELIST GROUPS 1 BUFFER_POOL DEFAULT FLASH_CACHE DEFAULT CELL_FLASH_CACHE DEFAULT)
  TABLESPACE "USERS"  ENABLE;
--------------------------------------------------------
--  Constraints for Table R_TRANS_LOCK
--------------------------------------------------------

  ALTER TABLE "EVENTOS_DW_G02"."R_TRANS_LOCK" ADD PRIMARY KEY ("ID_TRANS_LOCK")
  USING INDEX PCTFREE 10 INITRANS 2 MAXTRANS 255 COMPUTE STATISTICS 
  STORAGE(INITIAL 65536 NEXT 1048576 MINEXTENTS 1 MAXEXTENTS 2147483645
  PCTINCREASE 0 FREELISTS 1 FREELIST GROUPS 1 BUFFER_POOL DEFAULT FLASH_CACHE DEFAULT CELL_FLASH_CACHE DEFAULT)
  TABLESPACE "USERS"  ENABLE;
--------------------------------------------------------
--  Constraints for Table R_TRANS_PARTITION_SCHEMA
--------------------------------------------------------

  ALTER TABLE "EVENTOS_DW_G02"."R_TRANS_PARTITION_SCHEMA" ADD PRIMARY KEY ("ID_TRANS_PARTITION_SCHEMA")
  USING INDEX PCTFREE 10 INITRANS 2 MAXTRANS 255 COMPUTE STATISTICS 
  STORAGE(INITIAL 65536 NEXT 1048576 MINEXTENTS 1 MAXEXTENTS 2147483645
  PCTINCREASE 0 FREELISTS 1 FREELIST GROUPS 1 BUFFER_POOL DEFAULT FLASH_CACHE DEFAULT CELL_FLASH_CACHE DEFAULT)
  TABLESPACE "USERS"  ENABLE;
--------------------------------------------------------
--  Constraints for Table R_TRANS_SLAVE
--------------------------------------------------------

  ALTER TABLE "EVENTOS_DW_G02"."R_TRANS_SLAVE" ADD PRIMARY KEY ("ID_TRANS_SLAVE")
  USING INDEX PCTFREE 10 INITRANS 2 MAXTRANS 255 COMPUTE STATISTICS 
  STORAGE(INITIAL 65536 NEXT 1048576 MINEXTENTS 1 MAXEXTENTS 2147483645
  PCTINCREASE 0 FREELISTS 1 FREELIST GROUPS 1 BUFFER_POOL DEFAULT FLASH_CACHE DEFAULT CELL_FLASH_CACHE DEFAULT)
  TABLESPACE "USERS"  ENABLE;
--------------------------------------------------------
--  Constraints for Table R_USER
--------------------------------------------------------

  ALTER TABLE "EVENTOS_DW_G02"."R_USER" ADD PRIMARY KEY ("ID_USER")
  USING INDEX PCTFREE 10 INITRANS 2 MAXTRANS 255 COMPUTE STATISTICS 
  STORAGE(INITIAL 65536 NEXT 1048576 MINEXTENTS 1 MAXEXTENTS 2147483645
  PCTINCREASE 0 FREELISTS 1 FREELIST GROUPS 1 BUFFER_POOL DEFAULT FLASH_CACHE DEFAULT CELL_FLASH_CACHE DEFAULT)
  TABLESPACE "USERS"  ENABLE;
--------------------------------------------------------
--  Constraints for Table R_VALUE
--------------------------------------------------------

  ALTER TABLE "EVENTOS_DW_G02"."R_VALUE" ADD PRIMARY KEY ("ID_VALUE")
  USING INDEX PCTFREE 10 INITRANS 2 MAXTRANS 255 COMPUTE STATISTICS 
  STORAGE(INITIAL 65536 NEXT 1048576 MINEXTENTS 1 MAXEXTENTS 2147483645
  PCTINCREASE 0 FREELISTS 1 FREELIST GROUPS 1 BUFFER_POOL DEFAULT FLASH_CACHE DEFAULT CELL_FLASH_CACHE DEFAULT)
  TABLESPACE "USERS"  ENABLE;
--------------------------------------------------------
--  Constraints for Table R_VERSION
--------------------------------------------------------

  ALTER TABLE "EVENTOS_DW_G02"."R_VERSION" ADD PRIMARY KEY ("ID_VERSION")
  USING INDEX PCTFREE 10 INITRANS 2 MAXTRANS 255 COMPUTE STATISTICS 
  STORAGE(INITIAL 65536 NEXT 1048576 MINEXTENTS 1 MAXEXTENTS 2147483645
  PCTINCREASE 0 FREELISTS 1 FREELIST GROUPS 1 BUFFER_POOL DEFAULT FLASH_CACHE DEFAULT CELL_FLASH_CACHE DEFAULT)
  TABLESPACE "USERS"  ENABLE;
--------------------------------------------------------
--  Ref Constraints for Table FACT_ALQUILER
--------------------------------------------------------

  ALTER TABLE "EVENTOS_DW_G02"."FACT_ALQUILER" ADD CONSTRAINT "FACT_ALQUILER_FK1" FOREIGN KEY ("SK_EVENTO")
	  REFERENCES "EVENTOS_DW_G02"."DIM_EVENTO" ("SK_EVENTO") ENABLE;
  ALTER TABLE "EVENTOS_DW_G02"."FACT_ALQUILER" ADD CONSTRAINT "FACT_ALQUILER_FK2" FOREIGN KEY ("SK_CLIENTE")
	  REFERENCES "EVENTOS_DW_G02"."DIM_CLIENTE" ("SK_CLIENTE") ENABLE;
  ALTER TABLE "EVENTOS_DW_G02"."FACT_ALQUILER" ADD CONSTRAINT "FACT_ALQUILER_FK3" FOREIGN KEY ("SK_FEC_ALQUILER")
	  REFERENCES "EVENTOS_DW_G02"."DIM_TIEMPO" ("SK_TIEMPO") ENABLE;
  ALTER TABLE "EVENTOS_DW_G02"."FACT_ALQUILER" ADD CONSTRAINT "FACT_ALQUILER_FK4" FOREIGN KEY ("SK_TIPO_STAND")
	  REFERENCES "EVENTOS_DW_G02"."DIM_TIPO_STAND" ("SK_TIPO_STAND") ENABLE;
  ALTER TABLE "EVENTOS_DW_G02"."FACT_ALQUILER" ADD CONSTRAINT "FACT_ALQUILER_FK5" FOREIGN KEY ("SK_CATEGORIA")
	  REFERENCES "EVENTOS_DW_G02"."DIM_CATEGORIA" ("SK_CATEGORIA") ENABLE;
--------------------------------------------------------
--  Ref Constraints for Table FACT_EVENTO
--------------------------------------------------------

  ALTER TABLE "EVENTOS_DW_G02"."FACT_EVENTO" ADD CONSTRAINT "FACT_EVENTO_FK1" FOREIGN KEY ("SK_SEDE")
	  REFERENCES "EVENTOS_DW_G02"."DIM_SEDE" ("SK_SEDE") ENABLE;
  ALTER TABLE "EVENTOS_DW_G02"."FACT_EVENTO" ADD CONSTRAINT "FACT_EVENTO_FK2" FOREIGN KEY ("SK_EVENTO")
	  REFERENCES "EVENTOS_DW_G02"."DIM_EVENTO" ("SK_EVENTO") ENABLE;
  ALTER TABLE "EVENTOS_DW_G02"."FACT_EVENTO" ADD CONSTRAINT "FACT_EVENTO_FK3" FOREIGN KEY ("SK_FEC_EVENTO")
	  REFERENCES "EVENTOS_DW_G02"."DIM_TIEMPO" ("SK_TIEMPO") ENABLE;
--------------------------------------------------------
--  Ref Constraints for Table FACT_EVENTO_STAND
--------------------------------------------------------

  ALTER TABLE "EVENTOS_DW_G02"."FACT_EVENTO_STAND" ADD CONSTRAINT "FACT_EVENTO_STAND_FK1" FOREIGN KEY ("SK_TIPO_STAND")
	  REFERENCES "EVENTOS_DW_G02"."DIM_TIPO_STAND" ("SK_TIPO_STAND") ENABLE;
  ALTER TABLE "EVENTOS_DW_G02"."FACT_EVENTO_STAND" ADD CONSTRAINT "FACT_EVENTO_STAND_FK2" FOREIGN KEY ("SK_EVENTO")
	  REFERENCES "EVENTOS_DW_G02"."DIM_EVENTO" ("SK_EVENTO") ENABLE;
--------------------------------------------------------
--  Ref Constraints for Table FACT_VISITA
--------------------------------------------------------

  ALTER TABLE "EVENTOS_DW_G02"."FACT_VISITA" ADD CONSTRAINT "FACT_VISITA_FK1" FOREIGN KEY ("SK_EVENTO")
	  REFERENCES "EVENTOS_DW_G02"."DIM_EVENTO" ("SK_EVENTO") ENABLE;
  ALTER TABLE "EVENTOS_DW_G02"."FACT_VISITA" ADD CONSTRAINT "FACT_VISITA_FK2" FOREIGN KEY ("SK_VISITANTE")
	  REFERENCES "EVENTOS_DW_G02"."DIM_VISITANTE" ("SK_VISITANTE") ENABLE;
  ALTER TABLE "EVENTOS_DW_G02"."FACT_VISITA" ADD CONSTRAINT "FACT_VISITA_FK3" FOREIGN KEY ("SK_FEC_ENTRADA")
	  REFERENCES "EVENTOS_DW_G02"."DIM_TIEMPO" ("SK_TIEMPO") ENABLE;
  ALTER TABLE "EVENTOS_DW_G02"."FACT_VISITA" ADD CONSTRAINT "FACT_VISITA_FK4" FOREIGN KEY ("SK_LEYENDA_ESTRELLAS")
	  REFERENCES "EVENTOS_DW_G02"."DIM_LEYENDA" ("SK_LEYENDA") ENABLE;
